Date,Price
2010-03-08,331.625
2010-03-09,331.256012
2010-03-10,334.362
2010-03-11,333.125
2010-03-12,337.487
2010-03-15,331.799988
2010-03-16,337.5
2010-03-17,341.875
2010-03-18,342.5
2010-03-19,347.513
2010-03-22,344.013
2010-03-23,346.256012
2010-03-25,346.375
2010-03-26,352
2010-03-29,344.75
2010-03-30,339.375
2010-03-31,331.737
2010-04-01,327.524994
2010-04-05,334.875
2010-04-06,335.25
2010-04-07,331.944
2010-04-08,330
2010-04-09,333.75
2010-04-12,335.737
2010-04-13,336.25
2010-04-15,348.5
2010-04-16,349.013
2010-04-19,346.830994
2010-04-20,345.687988
2010-04-21,342.875
2010-04-22,338.5
2010-04-23,341.875
2010-04-26,341.263
2010-04-27,341.138
2010-04-28,338.763
2010-04-29,337.375
2010-04-30,339
2010-05-03,338.5
2010-05-04,338.125
2010-05-05,331.174988
2010-05-06,336.287994
2010-05-07,329.763
2010-05-10,327.5
2010-05-11,333.725006
2010-05-12,332
2010-05-13,335.5
2010-05-14,338.75
2010-05-17,329.375
2010-05-18,332.5
2010-05-19,328.25
2010-05-20,326.5
2010-05-21,321
2010-05-24,326.375
2010-05-25,323.355988
2010-05-26,320.631012
2010-05-27,328.475006
2010-05-28,333.756012
2010-05-31,341.875
2010-06-01,331.875
2010-06-02,329.375
2010-06-03,332.5
2010-06-04,337.25
2010-06-07,338.75
2010-06-08,333.955994
2010-06-09,333.5
2010-06-10,328.149994
2010-06-11,333.112
2010-06-14,331.263
2010-06-15,343.312012
2010-06-16,344.362
2010-06-17,347
2010-06-18,338.480988
2010-06-21,349.924988
2010-06-22,348.75
2010-06-23,343.388
2010-06-24,351.799988
2010-06-25,351.25
2010-06-28,346.25
2010-06-29,349.131012
2010-06-30,347.25
2010-07-01,348.875
2010-07-02,346.868988
2010-07-05,341.25
2010-07-06,342.875
2010-07-07,349.950012
2010-07-08,350.75
2010-07-09,354.763
2010-07-12,356.256012
2010-07-13,358.75
2010-07-14,348.743988
2010-07-15,343.618988
2010-07-16,344.375
2010-07-19,343.625
2010-07-20,346.306
2010-07-21,345.912994
2010-07-22,345.593994
2010-07-23,348.375
2010-07-26,348.75
2010-07-27,350.375
2010-07-28,353.625
2010-07-29,353.100006
2010-07-30,351.875
2010-08-02,350
2010-08-03,350.625
2010-08-04,348.75
2010-08-05,360
2010-08-06,357.625
2010-08-09,356.062012
2010-08-10,358.75
2010-08-11,354.25
2010-08-12,349.5
2010-08-13,346.875
2010-08-16,345
2010-08-17,344.375
2010-08-18,345.638
2010-08-19,351.875
2010-08-20,350.375
2010-08-23,346.5
2010-08-24,348.625
2010-08-25,345.25
2010-08-26,346.875
2010-08-27,344.75
2010-08-30,339.919006
2010-08-31,335.625
2010-09-01,339.230988
2010-09-02,349.875
2010-09-03,345.138
2010-09-06,348.281006
2010-09-07,355
2010-09-08,357.125
2010-09-09,358.763
2010-09-13,361.25
2010-09-14,368.825012
2010-09-15,371.875
2010-09-16,379.006012
2010-09-17,370.743988
2010-09-20,371.875
2010-09-21,376.875
2010-09-22,382.562012
2010-09-23,375.631012
2010-09-24,377.862
2010-09-27,381.875
2010-09-28,378.125
2010-09-29,378.25
2010-09-30,380.868988
2010-10-01,381.375
2010-10-04,389
2010-10-05,384.375
2010-10-06,388.25
2010-10-07,386.125
2010-10-08,382.5
2010-10-11,385.037994
2010-10-12,384
2010-10-13,385.125
2010-10-14,395.638
2010-10-15,400
2010-10-18,385.062012
2010-10-19,386.837006
2010-10-20,376.225006
2010-10-21,374.730988
2010-10-22,375.656006
2010-10-25,382.350006
2010-10-26,377.5
2010-10-27,375.25
2010-10-28,373
2010-10-29,373.625
2010-11-01,372.875
2010-11-02,375.25
2010-11-03,378.993988
2010-11-04,380.5
2010-11-08,385.5
2010-11-09,379.600006
2010-11-10,381
2010-11-11,385.5
2010-11-12,379.75
2010-11-15,375.375
2010-11-16,376.5
2010-11-18,373.625
2010-11-19,373.444
2010-11-22,371.419006
2010-11-23,378.487
2010-11-24,377.987
2010-11-25,375.694
2010-11-26,383.75
2010-11-29,383.125
2010-11-30,380.437988
2010-12-01,381.225006
2010-12-02,382
2010-12-03,388.375
2010-12-06,391.25
2010-12-07,393.230988
2010-12-08,394.875
2010-12-09,393.125
2010-12-10,393.125
2010-12-13,393.625
2010-12-14,395.462006
2010-12-15,393.337006
2010-12-16,402.424988
2010-12-20,406.513
2010-12-21,418.819
2010-12-22,415.625
2010-12-23,418
2010-12-24,418.375
2010-12-27,419.625
2010-12-28,421.375
2010-12-29,422.625
2010-12-30,426.25
2010-12-31,429.125
2011-01-03,430.5
2011-01-04,432.125
2011-01-05,433.125
2011-01-06,435
2011-01-07,432.919006
2011-01-10,421.875
2011-01-11,417.5
2011-01-12,418.75
2011-01-13,411.625
2011-01-14,398.269012
2011-01-17,400
2011-01-18,406.25
2011-01-19,413.394012
2011-01-20,404
2011-01-21,408.875
2011-01-24,405
2011-01-25,408.125
2011-01-27,408.625
2011-01-28,400.725006
2011-01-31,392.312012
2011-02-01,390.787994
2011-02-02,389.125
2011-02-03,387.674988
2011-02-04,387.375
2011-02-07,384.362
2011-02-08,387.5
2011-02-09,385.625
2011-02-10,388.205994
2011-02-11,378.774994
2011-02-14,380.5
2011-02-15,387.5
2011-02-16,385.281006
2011-02-17,389.812012
2011-02-18,390.625
2011-02-21,387.5
2011-02-22,392.524994
2011-02-23,388.237
2011-02-24,381.25
2011-02-25,377.899994
2011-02-28,377.75
2011-03-01,378.75
2011-03-03,382.263
2011-03-04,383.375
2011-03-07,379.5
2011-03-08,378.781006
2011-03-09,390
2011-03-10,386.875
2011-03-11,383.5
2011-03-14,379.375
2011-03-15,379
2011-03-16,378.125
2011-03-17,373.013
2011-03-18,372.519012
2011-03-21,368.924988
2011-03-22,366.894012
2011-03-23,366.843994
2011-03-24,374.118988
2011-03-25,380.5
2011-03-28,392.375
2011-03-29,391.5
2011-03-30,396.5
2011-03-31,397.75
2011-04-01,404.388
2011-04-04,403.125
2011-04-05,409.618988
2011-04-06,409.875
2011-04-07,407.737
2011-04-08,405.25
2011-04-11,399.412994
2011-04-13,401.375
2011-04-15,412.019012
2011-04-18,364.875
2011-04-19,363.25
2011-04-20,364.875
2011-04-21,364.837006
2011-04-25,364.375
2011-04-26,366.875
2011-04-27,368.125
2011-04-28,368.625
2011-04-29,363.75
2011-05-02,364.881012
2011-05-03,365
2011-05-04,362.625
2011-05-05,358.412994
2011-05-06,357.237
2011-05-09,363.75
2011-05-10,363.462006
2011-05-11,360.25
2011-05-12,362.237
2011-05-13,360.399994
2011-05-16,359.5
2011-05-17,356.049988
2011-05-18,356.25
2011-05-19,357.462006
2011-05-20,355.625
2011-05-23,355.980988
2011-05-24,354.125
2011-05-25,353.462006
2011-05-26,349.25
2011-05-27,345
2011-05-30,350.763
2011-05-31,349.125
2011-06-01,349.25
2011-06-02,347.5
2011-06-03,351.375
2011-06-06,352.75
2011-06-07,353.756012
2011-06-08,361.125
2011-06-09,360.187988
2011-06-10,358.562012
2011-06-13,356.062012
2011-06-14,359.725006
2011-06-15,357.718994
2011-06-16,353.625
2011-06-17,350.013
2011-06-20,346.037994
2011-06-21,340.375
2011-06-22,344.125
2011-06-23,343.75
2011-06-24,348.875
2011-06-27,353.955994
2011-06-28,358.756012
2011-06-29,358.5
2011-06-30,360.756012
2011-07-01,366.875
2011-07-04,370.830994
2011-07-05,369.625
2011-07-06,368.375
2011-07-07,369.399994
2011-07-08,375
2011-07-11,369.237
2011-07-12,356.25
2011-07-13,345.75
2011-07-14,345.031006
2011-07-15,343
2011-07-18,341.875
2011-07-19,340.125
2011-07-20,346.600006
2011-07-21,343.149994
2011-07-22,348.037994
2011-07-25,352.25
2011-07-26,351.125
2011-07-27,350.125
2011-07-28,345.625
2011-07-29,342.625
2011-08-01,347.513
2011-08-02,349.819
2011-08-03,341.875
2011-08-04,342.5
2011-08-05,330.450012
2011-08-08,312.5
2011-08-09,293.875
2011-08-10,306
2011-08-11,304
2011-08-12,311
2011-08-16,303.75
2011-08-17,299.5
2011-08-18,308.125
2011-08-19,284.25
2011-08-22,276.737
2011-08-23,275.156006
2011-08-24,285
2011-08-25,281.274994
2011-08-26,273.312012
2011-08-29,279.875
2011-08-30,291.375
2011-09-02,298.125
2011-09-05,286.712006
2011-09-06,281.737
2011-09-07,287.237
2011-09-08,287.5
2011-09-09,291.013
2011-09-12,276
2011-09-13,277.888
2011-09-14,281.375
2011-09-15,297.25
2011-09-16,307.237
2011-09-19,299.875
2011-09-20,297.125
2011-09-21,305
2011-09-22,298
2011-09-23,291
2011-09-26,293.125
2011-09-27,297.149994
2011-09-28,310
2011-09-29,310.25
2011-09-30,316.487
2011-10-03,311.25
2011-10-04,306.524994
2011-10-05,307.243988
2011-10-07,320
2011-10-10,318.125
2011-10-11,324.174988
2011-10-12,324.375
2011-10-13,339.875
2011-10-14,338.888
2011-10-17,345.138
2011-10-18,337.487
2011-10-19,340.25
2011-10-20,336.5
2011-10-21,343.444
2011-10-24,343.75
2011-10-25,351.375
2011-10-28,365.125
2011-10-31,357
2011-11-01,355
2011-11-02,352.5
2011-11-03,354.25
2011-11-04,355.625
2011-11-08,351.881012
2011-11-09,355.625
2011-11-11,326.337006
2011-11-14,351.269012
2011-11-15,350.013
2011-11-16,349.375
2011-11-17,346.037994
2011-11-18,341.381012
2011-11-21,340
2011-11-22,325
2011-11-23,334.375
2011-11-24,330.125
2011-11-25,331.875
2011-11-28,327.506012
2011-11-29,327.774994
2011-11-30,322.625
2011-12-01,334.25
2011-12-02,331.375
2011-12-05,336.25
2011-12-07,338.125
2011-12-08,343.375
2011-12-09,333.519012
2011-12-12,339.987
2011-12-13,341.412994
2011-12-14,343.75
2011-12-15,340.787994
2011-12-16,336.875
2011-12-19,336.25
2011-12-20,336.25
2011-12-21,339.875
2011-12-22,331.25
2011-12-23,342.5
2011-12-26,336.375
2011-12-27,345.625
2011-12-28,346.125
2011-12-29,344.75
2011-12-30,343
2012-01-02,344.899994
2012-01-03,353.013
2012-01-04,355.625
2012-01-05,354.899994
2012-01-06,354.75
2012-01-07,354
2012-01-09,355.937988
2012-01-10,358.75
2012-01-11,358.5
2012-01-12,343.75
2012-01-13,327.25
2012-01-16,322.656006
2012-01-17,331.25
2012-01-18,330.5
2012-01-19,327
2012-01-20,324.5
2012-01-23,323.75
2012-01-24,327.25
2012-01-25,329.375
2012-01-27,337.75
2012-01-30,337.362
2012-01-31,339
2012-02-01,342.462006
2012-02-02,342.513
2012-02-03,342.506012
2012-02-06,350.638
2012-02-07,350.625
2012-02-08,343.5
2012-02-09,343.625
2012-02-10,349.875
2012-02-13,346.906006
2012-02-14,347
2012-02-15,351.875
2012-02-16,358
2012-02-17,364.531006
2012-02-21,366.25
2012-02-22,363.149994
2012-02-23,367.375
2012-02-24,366.5
2012-02-27,370.625
2012-02-28,360.75
2012-02-29,361.75
2012-03-01,356.444
2012-03-02,358.125
2012-03-03,357
2012-03-05,357.263
2012-03-06,350.638
2012-03-07,355.25
2012-03-09,361.75
2012-03-12,364.375
2012-03-13,355.493988
2012-03-14,361.25
2012-03-15,361.875
2012-03-16,363.125
2012-03-19,361.875
2012-03-20,353.25
2012-03-21,354.056
2012-03-22,359.25
2012-03-23,354.125
2012-03-26,358.625
2012-03-27,357.5
2012-03-28,358.25
2012-03-29,352.562012
2012-03-30,351.237
2012-04-02,358
2012-04-03,358.287994
2012-04-04,356.125
2012-04-09,354.687988
2012-04-10,355.25
2012-04-11,346.118988
2012-04-12,352.843994
2012-04-13,314.75
2012-04-16,300
2012-04-17,299.875
2012-04-18,300
2012-04-19,297.487
2012-04-20,299.343994
2012-04-23,298.75
2012-04-24,288.830994
2012-04-25,293.712006
2012-04-26,293.75
2012-04-27,294.625
2012-04-30,299
2012-05-02,308.125
2012-05-03,307.5
2012-05-04,310.25
2012-05-07,301.125
2012-05-08,299.375
2012-05-09,296
2012-05-10,296
2012-05-11,293
2012-05-14,290.024994
2012-05-15,288.125
2012-05-16,297.25
2012-05-17,296.056
2012-05-18,290.669006
2012-05-21,298.112
2012-05-22,294.375
2012-05-23,294.375
2012-05-24,293.625
2012-05-25,295.375
2012-05-28,299.25
2012-05-29,298.875
2012-05-30,300.875
2012-05-31,301
2012-06-01,301.875
2012-06-04,296.75
2012-06-05,298.125
2012-06-06,299.649994
2012-06-07,306
2012-06-08,311.112
2012-06-11,303.375
2012-06-12,300.274994
2012-06-13,306.406006
2012-06-14,307.625
2012-06-15,313.756012
2012-06-18,316.875
2012-06-19,312.5
2012-06-20,310
2012-06-21,307
2012-06-22,306.218994
2012-06-25,309.362
2012-06-26,306.638
2012-06-27,306.5
2012-06-28,308.125
2012-06-29,311.75
2012-07-02,312.875
2012-07-03,314.531006
2012-07-04,312.5
2012-07-05,310.031006
2012-07-06,309.5
2012-07-09,302.638
2012-07-10,305.5
2012-07-11,306.25
2012-07-12,281.25
2012-07-13,277.25
2012-07-16,278.75
2012-07-17,273.112
2012-07-18,271.406006
2012-07-19,275
2012-07-20,280.612
2012-07-23,275
2012-07-24,273.812012
2012-07-25,271.75
2012-07-26,270.875
2012-07-27,270.25
2012-07-30,270
2012-07-31,276.875
2012-08-01,276.875
2012-08-02,277.25
2012-08-03,274.531006
2012-08-06,277.774994
2012-08-07,279
2012-08-08,282.75
2012-08-09,286.281006
2012-08-10,284.75
2012-08-13,287.662994
2012-08-14,289.162994
2012-08-16,291.019012
2012-08-17,290.5
2012-08-21,295.625
2012-08-22,300.362
2012-08-23,304.375
2012-08-24,306
2012-08-27,303.774994
2012-08-28,299.625
2012-08-29,302.75
2012-08-30,297.980988
2012-08-31,298.25
2012-09-03,295.75
2012-09-04,295.044006
2012-09-05,293.375
2012-09-06,293.812012
2012-09-07,306.875
2012-09-08,311
2012-09-10,312
2012-09-11,312.5
2012-09-12,316.375
2012-09-13,317.350006
2012-09-14,323.5
2012-09-17,331.125
2012-09-18,322.5
2012-09-20,319.575012
2012-09-21,326.919006
2012-09-24,325
2012-09-25,323.75
2012-09-26,322.25
2012-09-27,324.062012
2012-09-28,320.125
2012-10-01,318.912994
2012-10-03,325.656006
2012-10-04,321.888
2012-10-05,323.125
2012-10-08,315.600006
2012-10-09,313.125
2012-10-10,313.388
2012-10-11,312
2012-10-12,293.75
2012-10-15,298.212006
2012-10-16,297.487
2012-10-17,297.006012
2012-10-18,295.5
2012-10-19,295.75
2012-10-22,296.031006
2012-10-23,295.25
2012-10-25,292.875
2012-10-29,290.125
2012-10-30,290.75
2012-10-31,293.75
2012-11-01,295.25
2012-11-02,296.375
2012-11-05,297.888
2012-11-06,298
2012-11-07,297.75
2012-11-08,296.5
2012-11-09,295.625
2012-11-11,295
2012-11-12,294.375
2012-11-15,291.894012
2012-11-16,286.375
2012-11-19,293
2012-11-20,297.144012
2012-11-21,291.212006
2012-11-22,293.5
2012-11-23,297.75
2012-11-26,298.843994
2012-11-27,302.75
2012-11-29,306.25
2012-11-30,305.200012
2012-12-03,304.625
2012-12-04,303.625
2012-12-05,303.625
2012-12-06,299.25
2012-12-07,290.125
2012-12-10,290.118988
2012-12-11,289.5
2012-12-12,288.75
2012-12-13,288.118988
2012-12-14,284.125
2012-12-17,283.375
2012-12-18,282.5
2012-12-19,284.25
2012-12-20,288.263
2012-12-21,287.375
2012-12-24,290.138
2012-12-26,290.375
2012-12-27,290.975006
2012-12-28,287.763
2012-12-31,289.375
2013-01-01,290.950012
2013-01-02,289.524994
2013-01-03,289.375
2013-01-04,293.549988
2013-01-07,293.888
2013-01-08,295.625
2013-01-09,292.524994
2013-01-10,291.375
2013-01-11,315.125
2013-01-14,344.975006
2013-01-15,350.75
2013-01-16,347.625
2013-01-17,349
2013-01-18,350.625
2013-01-21,345.381012
2013-01-22,349.200012
2013-01-23,347.625
2013-01-24,351.25
2013-01-25,351.25
2013-01-28,351.5
2013-01-29,350.75
2013-01-30,350.593994
2013-01-31,349
2013-02-01,348.888
2013-02-04,347.625
2013-02-05,345.406006
2013-02-06,346.906006
2013-02-07,348.25
2013-02-08,347.894012
2013-02-11,350.156006
2013-02-12,346.25
2013-02-13,344.625
2013-02-14,349.299988
2013-02-15,348.75
2013-02-18,347.875
2013-02-19,347.513
2013-02-20,353.156006
2013-02-21,350.200012
2013-02-22,349.837006
2013-02-25,358.75
2013-02-26,364.5
2013-02-27,368.5
2013-02-28,364.412994
2013-03-01,364.25
2013-03-04,365.75
2013-03-05,365.569
2013-03-06,368.375
2013-03-07,372.656006
2013-03-08,373.5
2013-03-11,372.725006
2013-03-12,367.5
2013-03-13,361.25
2013-03-14,358.25
2013-03-15,359.544006
2013-03-18,358.281006
2013-03-19,359.375
2013-03-20,358.100006
2013-03-21,360.375
2013-03-22,356.243988
2013-03-25,355.649994
2013-03-26,355.625
2013-03-28,358.125
2013-04-01,363.843994
2013-04-02,366.25
2013-04-03,368.612
2013-04-04,368.125
2013-04-05,359.875
2013-04-08,356.25
2013-04-09,354.194
2013-04-10,350.375
2013-04-11,358.312012
2013-04-12,328.131012
2013-04-15,286.25
2013-04-16,289.875
2013-04-17,287.5
2013-04-18,285.799988
2013-04-22,286.450012
2013-04-23,281.25
2013-04-25,281
2013-04-26,277.513
2013-04-29,275.75
2013-04-30,279.25
2013-05-02,279.5
2013-05-03,287.093994
2013-05-06,289.375
2013-05-07,293.75
2013-05-08,295.625
2013-05-09,293.987
2013-05-10,295.263
2013-05-13,294.375
2013-05-14,292.162994
2013-05-15,294.125
2013-05-16,294.187988
2013-05-17,292.112
2013-05-20,293.25
2013-05-21,296.274994
2013-05-22,300
2013-05-23,297
2013-05-24,295.200012
2013-05-27,292.649994
2013-05-28,296.25
2013-05-29,296.25
2013-05-30,291.687988
2013-05-31,292.75
2013-06-03,315.625
2013-06-04,311.25
2013-06-05,310
2013-06-06,306.25
2013-06-07,303.125
2013-06-10,307.5
2013-06-11,311.25
2013-06-12,307.781006
2013-06-13,303
2013-06-14,298.962006
2013-06-17,301.431
2013-06-18,303.75
2013-06-19,305.75
2013-06-20,303.5
2013-06-21,296.325012
2013-06-24,300.312012
2013-06-25,297.5
2013-06-26,298.950012
2013-06-27,302.625
2013-06-28,308.899994
2013-07-01,308.625
2013-07-02,306.013
2013-07-03,300.125
2013-07-04,304.125
2013-07-05,308.375
2013-07-08,310.625
2013-07-09,310.125
2013-07-10,313.125
2013-07-11,316.875
2013-07-12,347.644012
2013-07-15,348.131012
2013-07-16,337.756012
2013-07-17,341.455994
2013-07-18,344.25
2013-07-19,350.375
2013-07-22,352.774994
2013-07-23,361.25
2013-07-24,360
2013-07-25,363.625
2013-07-26,366.25
2013-07-29,363.75
2013-07-30,366.375
2013-07-31,371.125
2013-08-01,373.5
2013-08-02,373.125
2013-08-05,374.850006
2013-08-06,376
2013-08-07,371.875
2013-08-08,367.5
2013-08-12,372
2013-08-13,376.013
2013-08-14,383.75
2013-08-16,377.5
2013-08-19,373.763
2013-08-20,377.5
2013-08-21,374.350006
2013-08-22,373.625
2013-08-23,375.625
2013-08-26,377.493988
2013-08-27,379
2013-08-28,381.5
2013-08-29,383.75
2013-08-30,386.5
2013-09-02,384.638
2013-09-03,384
2013-09-04,382.462006
2013-09-05,387.087006
2013-09-06,375.737
2013-09-10,379
2013-09-11,393.125
2013-09-12,388.125
2013-09-13,382.531006
2013-09-16,378.125
2013-09-17,377.125
2013-09-18,378.125
2013-09-19,374.875
2013-09-20,375
2013-09-23,375.625
2013-09-24,378.75
2013-09-25,378.975006
2013-09-26,379.25
2013-09-27,378
2013-09-30,377.524994
2013-10-01,378.75
2013-10-03,379.375
2013-10-04,378.281006
2013-10-07,376.875
2013-10-08,380.037994
2013-10-09,378.375
2013-10-10,390.638
2013-10-11,416.875
2013-10-14,407
2013-10-15,415.5
2013-10-17,416.274994
2013-10-18,410.75
2013-10-21,416.625
2013-10-22,417.25
2013-10-23,415
2013-10-24,412.787994
2013-10-25,416
2013-10-28,414.649994
2013-10-29,414.937988
2013-10-30,413.875
2013-10-31,413.037994
2013-11-01,412.5
2013-11-05,406.5
2013-11-06,409.412994
2013-11-07,415.205994
2013-11-08,418.75
2013-11-11,418.75
2013-11-12,420.312012
2013-11-13,414.506012
2013-11-14,419.037994
2013-11-18,423.875
2013-11-19,425.75
2013-11-20,426.125
2013-11-21,424.5
2013-11-22,418.25
2013-11-25,419
2013-11-26,415
2013-11-27,415
2013-11-28,412.674988
2013-11-29,417
2013-12-02,419
2013-12-03,415
2013-12-04,418.75
2013-12-05,422.5
2013-12-06,417.381012
2013-12-09,420.625
2013-12-10,416.875
2013-12-11,420.625
2013-12-12,420.549988
2013-12-13,418.125
2013-12-16,422.5
2013-12-17,430.638
2013-12-18,431.25
2013-12-19,432.812012
2013-12-20,440.625
2013-12-23,437.5
2013-12-24,435.75
2013-12-26,435.875
2013-12-27,441.25
2013-12-30,445.962006
2013-12-31,437.5
2014-01-01,436.5
2014-01-02,432.906006
2014-01-03,434.375
2014-01-06,446.888
2014-01-07,439.881012
2014-01-08,432.625
2014-01-09,430
2014-01-10,436.25
2014-01-13,447.75
2014-01-14,455.625
2014-01-15,461.912994
2014-01-16,462.375
2014-01-17,466.125
2014-01-20,464
2014-01-21,468.75
2014-01-22,467.649994
2014-01-23,473.013
2014-01-24,470.625
2014-01-27,465
2014-01-28,463.375
2014-01-29,458.25
2014-01-30,462.962006
2014-01-31,462.5
2014-02-03,460.625
2014-02-04,447.625
2014-02-05,447.5
2014-02-06,446.5
2014-02-07,448.375
2014-02-10,447.487
2014-02-11,448
2014-02-12,450.062012
2014-02-13,450.600006
2014-02-14,451.944
2014-02-17,460.625
2014-02-18,455.875
2014-02-19,461.955994
2014-02-20,468.112
2014-02-21,467
2014-02-24,468.25
2014-02-25,469.375
2014-02-26,472.5
2014-02-28,470.138
2014-03-03,478.125
2014-03-04,471.25
2014-03-05,478.487
2014-03-06,479.75
2014-03-07,478.375
2014-03-10,466.212006
2014-03-11,456.625
2014-03-12,459.174988
2014-03-13,427.5
2014-03-14,417.5
2014-03-18,425
2014-03-19,418.75
2014-03-20,408.75
2014-03-21,416.25
2014-03-22,410
2014-03-24,409.024994
2014-03-25,406
2014-03-26,407.5
2014-03-27,406
2014-03-28,405.013
2014-03-31,410.662994
2014-04-01,410.381012
2014-04-02,418.600006
2014-04-03,417.437988
2014-04-04,418.875
2014-04-07,412.25
2014-04-09,410.131012
2014-04-10,406.812012
2014-04-11,401.25
2014-04-15,416.524994
2014-04-16,405.243988
2014-04-17,397.5
2014-04-21,401.25
2014-04-22,396.506012
2014-04-23,396.756012
2014-04-24,396.580994
2014-04-25,398.5
2014-04-28,396.125
2014-04-29,397.875
2014-04-30,397.205994
2014-05-02,398.125
2014-05-05,399
2014-05-06,397.112
2014-05-07,393.875
2014-05-08,383.75
2014-05-09,383.125
2014-05-12,389.774994
2014-05-13,397.875
2014-05-14,406.281006
2014-05-15,406.763
2014-05-16,412.375
2014-05-19,399.75
2014-05-20,381.125
2014-05-21,389.75
2014-05-22,395
2014-05-23,390.625
2014-05-26,383.875
2014-05-27,387.5
2014-05-28,390.437988
2014-05-29,378.125
2014-05-30,367.5
2014-06-02,370.062012
2014-06-03,376
2014-06-04,376.875
2014-06-05,375
2014-06-06,375.019012
2014-06-09,375.75
2014-06-10,375
2014-06-11,388.125
2014-06-12,410
2014-06-13,398.562012
2014-06-16,398.25
2014-06-17,406.125
2014-06-18,405.625
2014-06-19,405.730988
2014-06-20,415
2014-06-23,412.5
2014-06-24,403.75
2014-06-25,405.625
2014-06-26,402.5
2014-06-27,400
2014-06-30,402.5
2014-07-01,405.625
2014-07-02,401.5
2014-07-03,401.274994
2014-07-04,400.006012
2014-07-07,408.125
2014-07-08,418.625
2014-07-09,416.25
2014-07-10,414.375
2014-07-11,425.174988
2014-07-14,414.375
2014-07-15,404.875
2014-07-16,405
2014-07-17,407.513
2014-07-18,406.625
2014-07-21,406.875
2014-07-22,400.625
2014-07-23,406.125
2014-07-24,418
2014-07-25,424.875
2014-07-28,418.125
2014-07-30,424.25
2014-07-31,422.5
2014-08-01,418.75
2014-08-04,419.375
2014-08-05,434.5
2014-08-06,440.625
2014-08-07,437.375
2014-08-08,437.5
2014-08-11,440.5
2014-08-12,449.875
2014-08-13,445.006012
2014-08-14,451
2014-08-18,451.5
2014-08-19,445.125
2014-08-20,445.375
2014-08-21,444.531006
2014-08-22,443.618988
2014-08-25,449.875
2014-08-26,452.75
2014-08-27,453.75
2014-08-28,453.625
2014-09-01,451.256012
2014-09-02,450
2014-09-03,451.25
2014-09-04,465.625
2014-09-05,466.5
2014-09-08,466.587006
2014-09-09,468.5
2014-09-10,463.5
2014-09-11,459.25
2014-09-12,461
2014-09-15,458.125
2014-09-16,455.75
2014-09-17,459.987
2014-09-18,459.243988
2014-09-19,462.375
2014-09-22,460
2014-09-23,455.625
2014-09-24,453.75
2014-09-25,456.25
2014-09-26,460.625
2014-09-29,462.625
2014-09-30,468.024994
2014-10-01,465.25
2014-10-07,471.162994
2014-10-08,473.125
2014-10-09,462.5
2014-10-10,457.5
2014-10-13,486.162994
2014-10-14,495.625
2014-10-15,489.787994
2014-10-16,487.513
2014-10-17,483.112
2014-10-20,481.625
2014-10-21,481.237
2014-10-22,476.162994
2014-10-27,481.25
2014-10-28,470.625
2014-10-29,476.618988
2014-10-30,487
2014-10-31,498.381012
2014-11-03,509.612
2014-11-05,510.625
2014-11-07,514.786987
2014-11-10,521.880981
2014-11-11,520.625
2014-11-12,515.125
2014-11-13,515.25
2014-11-14,524.25
2014-11-17,523.125
2014-11-18,528.125
2014-11-19,522.5
2014-11-20,523.75
2014-11-21,521.25
2014-11-24,525
2014-11-25,536.875
2014-11-26,537.5
2014-11-27,540.237
2014-11-28,546.263
2014-12-01,548.375
2014-12-02,541.237
2014-12-03,525.375
2014-12-04,527.5
2014-12-05,528.75
2014-12-08,502.25
2014-12-09,495.687988
2014-12-10,491.5
2014-12-11,487.75
2014-12-12,484.763
2014-12-15,476.237
2014-12-16,481.424988
2014-12-17,484
2014-12-18,488.5
2014-12-19,499.399994
2014-12-22,501.5
2014-12-23,500.212006
2014-12-24,494
2014-12-26,486.274994
2014-12-29,489.013
2014-12-30,490.562012
2014-12-31,488.75
2015-01-01,492.237
2015-01-02,493
2015-01-05,502.475006
2015-01-06,495
2015-01-07,491.25
2015-01-08,496.399994
2015-01-09,495.024994
2015-01-12,523
2015-01-13,526.950012
2015-01-14,524.625
2015-01-15,533.799988
2015-01-16,537
2015-01-19,530
2015-01-20,526.75
2015-01-21,532.875
2015-01-22,543.700012
2015-01-23,550
2015-01-27,555.25
2015-01-28,537.5
2015-01-29,536.25
2015-01-30,540.375
2015-02-02,535.375
2015-02-03,534.213013
2015-02-04,534.974976
2015-02-05,537.700012
2015-02-06,551.25
2015-02-09,550
2015-02-10,560.75
2015-02-11,570.125
2015-02-12,570.75
2015-02-13,574.900024
2015-02-16,570.075012
2015-02-18,572.638
2015-02-19,573.5
2015-02-20,582.125
2015-02-23,575
2015-02-24,569.75
2015-02-25,572.224976
2015-02-26,576.875
2015-02-27,568.724976
2015-02-28,570
2015-03-02,575.75
2015-03-03,572.5
2015-03-04,575
2015-03-05,566.763
2015-03-09,564.75
2015-03-10,549.525024
2015-03-11,548.525024
2015-03-12,544.75
2015-03-13,556.25
2015-03-16,552.638
2015-03-17,566.661987
2015-03-18,563.625
2015-03-19,558.650024
2015-03-20,560.25
2015-03-23,563.25
2015-03-24,558.724976
2015-03-25,555.724976
2015-03-26,552
2015-03-27,541
2015-03-30,551.400024
2015-03-31,561.25
2015-04-01,549.724976
2015-04-06,544.75
2015-04-07,543.75
2015-04-08,545.625
2015-04-09,552.849976
2015-04-10,552.549988
2015-04-13,559.5
2015-04-15,559.125
2015-04-16,555.5
2015-04-17,545.013
2015-04-20,544
2015-04-21,537
2015-04-22,537.763
2015-04-23,537.174988
2015-04-24,533.974976
2015-04-27,500
2015-04-28,495.5
2015-04-29,490.225006
2015-04-30,490
2015-05-04,489.875
2015-05-05,500
2015-05-06,493.75
2015-05-07,480.5
2015-05-08,489.5
2015-05-11,491.25
2015-05-12,498.412994
2015-05-13,487.937988
2015-05-14,490
2015-05-15,483.75
2015-05-18,492.5
2015-05-19,496.825012
2015-05-20,510
2015-05-21,512.224976
2015-05-22,511
2015-05-25,512.625
2015-05-26,505
2015-05-27,501.75
2015-05-28,493.799988
2015-05-29,501.212006
2015-06-01,508.200012
2015-06-02,512.025024
2015-06-03,504.549988
2015-06-04,507.5
2015-06-05,507.5
2015-06-08,505
2015-06-09,500.937988
2015-06-10,497.5
2015-06-11,508.987
2015-06-12,501.25
2015-06-15,488.475006
2015-06-16,497.174988
2015-06-17,505.5
2015-06-18,502.799988
2015-06-19,505.149994
2015-06-22,502.450012
2015-06-23,512.5
2015-06-24,507.5
2015-06-25,499.600006
2015-06-26,499.5
2015-06-29,493.5
2015-06-30,495
2015-07-01,494.5
2015-07-02,499.5
2015-07-03,494
2015-07-06,492.5
2015-07-07,492.5
2015-07-08,489.5
2015-07-09,478.75
2015-07-10,474.049988
2015-07-13,470.5
2015-07-14,477.5
2015-07-15,485
2015-07-16,493.850006
2015-07-17,495.5
2015-07-20,500.700012
2015-07-21,517.5
2015-07-22,552.5
2015-07-23,551.974976
2015-07-24,547.775024
2015-07-27,543.450012
2015-07-28,534.25
2015-07-29,537
2015-07-30,545
2015-07-31,539.275024
2015-08-03,539
2015-08-04,539
2015-08-05,531
2015-08-06,547
2015-08-07,539.75
2015-08-10,549
2015-08-11,549.400024
2015-08-12,557.5
2015-08-13,573.5
2015-08-14,582.5
2015-08-17,575
2015-08-18,575
2015-08-19,585
2015-08-20,579.5
2015-08-21,570.450012
2015-08-24,554.974976
2015-08-25,550
2015-08-26,544.900024
2015-08-27,544
2015-08-28,550.799988
2015-08-31,567.424988
2015-09-01,545
2015-09-02,549
2015-09-03,555.075012
2015-09-04,551.5
2015-09-07,542.474976
2015-09-08,531
2015-09-09,543.549988
2015-09-10,542.450012
2015-09-11,545.775024
2015-09-14,549.5
2015-09-15,549.700012
2015-09-16,554
2015-09-18,555.900024
2015-09-21,550
2015-09-22,557.5
2015-09-23,553.724976
2015-09-24,556.75
2015-09-28,569.974976
2015-09-29,551
2015-09-30,567.200012
2015-10-01,584.950012
2015-10-05,586.5
2015-10-06,593.525024
2015-10-07,578
2015-10-08,568.200012
2015-10-09,568
2015-10-12,599.5
2015-10-13,553.724976
2015-10-14,545.724976
2015-10-15,549.950012
2015-10-16,549.5
2015-10-19,551
2015-10-20,556.5
2015-10-21,562.5
2015-10-23,570.900024
2015-10-26,577
2015-10-27,575
2015-10-28,572.25
2015-10-29,576.549988
2015-10-30,572.5
2015-11-02,565
2015-11-03,566.700012
2015-11-04,575.049988
2015-11-05,571.474976
2015-11-06,561.5
2015-11-09,560
2015-11-10,563.75
2015-11-13,549.974976
2015-11-16,541.825012
2015-11-17,540
2015-11-18,520.5
2015-11-19,515.125
2015-11-20,524
2015-11-23,525
2015-11-24,525
2015-11-26,520.474976
2015-11-27,529
2015-11-30,535
2015-12-01,544
2015-12-02,539.974976
2015-12-03,530.5
2015-12-04,524.5
2015-12-07,527.650024
2015-12-08,522.525024
2015-12-09,521.5
2015-12-10,518.299988
2015-12-11,527
2015-12-14,524.75
2015-12-15,536.625
2015-12-16,541.700012
2015-12-17,550
2015-12-18,551.700012
2015-12-21,538.5
2015-12-22,548.724976
2015-12-23,547.525024
2015-12-24,551.025024
2015-12-28,545
2015-12-29,550.625
2015-12-30,550.549988
2015-12-31,545.075012
2016-01-01,550
2016-01-04,549.974976
2016-01-05,542.75
2016-01-06,537.325012
2016-01-07,530.025024
2016-01-08,530.75
2016-01-11,528.150024
2016-01-12,531
2016-01-13,528.5
2016-01-14,533
2016-01-15,574
2016-01-18,569.950012
2016-01-19,567.5
2016-01-20,567
2016-01-21,567.5
2016-01-22,574.049988
2016-01-25,570.125
2016-01-27,573.224976
2016-01-28,568
2016-01-29,569
2016-02-01,585
2016-02-02,588.424988
2016-02-03,583.900024
2016-02-04,580.025024
2016-02-05,587.75
2016-02-08,581.875
2016-02-09,564.150024
2016-02-10,554
2016-02-11,555.5
2016-02-12,547.349976
2016-02-15,548.125
2016-02-16,543.5
2016-02-17,540.875
2016-02-18,550
2016-02-19,559.599976
2016-02-22,565.5
2016-02-23,565.125
2016-02-24,559.75
2016-02-25,562.700012
2016-02-26,560.075012
2016-02-29,564.75
2016-03-01,547.400024
2016-03-02,568.525024
2016-03-03,584
2016-03-04,587.799988
2016-03-08,581.5
2016-03-09,572.5
2016-03-10,581.450012
2016-03-11,573.099976
2016-03-14,573
2016-03-15,572
2016-03-16,570.950012
2016-03-17,578.450012
2016-03-18,581.400024
2016-03-21,594
2016-03-22,595.625
2016-03-23,595
2016-03-28,616.200012
2016-03-29,599.5
2016-03-30,598.799988
2016-03-31,605.125
2016-04-01,608
2016-04-04,606.775024
2016-04-05,621
2016-04-06,614
2016-04-07,604.200012
2016-04-08,587.924988
2016-04-11,582.900024
2016-04-12,590.25
2016-04-13,597.474976
2016-04-18,625
2016-04-20,622
2016-04-21,625.5
2016-04-22,613.150024
2016-04-25,606.025024
2016-04-26,607.724976
2016-04-27,614.599976
2016-04-28,615.5
2016-04-29,605.724976
2016-05-02,605
2016-05-03,601.375
2016-05-04,590.5
2016-05-05,597.575012
2016-05-06,594.900024
2016-05-09,591
2016-05-10,601.25
2016-05-11,599.25
2016-05-12,601.950012
2016-05-13,603
2016-05-16,605.099976
2016-05-17,610
2016-05-18,599.5
2016-05-19,605.474976
2016-05-20,602.5
2016-05-23,601.700012
2016-05-24,595.525024
2016-05-25,597.049988
2016-05-26,605.049988
2016-05-27,615.799988
2016-05-30,620.75
2016-05-31,632.5
2016-06-01,623.025024
2016-06-02,627.5
2016-06-03,630.025024
2016-06-06,632.450012
2016-06-07,633.5
2016-06-08,631.974976
2016-06-09,613.125
2016-06-10,587.700012
2016-06-13,588.400024
2016-06-14,591.200012
2016-06-15,591.849976
2016-06-16,594.75
2016-06-17,594.5
2016-06-20,590.5
2016-06-21,605.599976
2016-06-22,602
2016-06-23,598.650024
2016-06-24,594
2016-06-27,586.025024
2016-06-28,581.400024
2016-06-29,584.5
2016-06-30,590.25
2016-07-01,590
2016-07-04,588.099976
2016-07-05,592.5
2016-07-07,584.349976
2016-07-08,581.5
2016-07-11,583.700012
2016-07-12,590
2016-07-13,590
2016-07-14,597.5
2016-07-15,594.75
2016-07-18,538.625
2016-07-19,544.299988
2016-07-20,535
2016-07-21,539.5
2016-07-22,535
2016-07-25,531.5
2016-07-26,535.174988
2016-07-27,542.349976
2016-07-28,542.700012
2016-07-29,536.299988
2016-08-01,535.75
2016-08-02,539.950012
2016-08-03,542.825012
2016-08-04,543.200012
2016-08-05,536
2016-08-08,534.5
2016-08-09,538.5
2016-08-10,538
2016-08-11,540.849976
2016-08-12,537.525024
2016-08-16,521
2016-08-17,524.974976
2016-08-18,518.25
2016-08-19,515
2016-08-22,509
2016-08-23,510.049988
2016-08-24,523.5
2016-08-25,527.5
2016-08-26,518
2016-08-29,508.799988
2016-08-30,516.224976
2016-08-31,518.549988
2016-09-01,519
2016-09-02,519.525024
2016-09-06,519.125
2016-09-07,524
2016-09-08,522.5
2016-09-09,518.5
2016-09-12,512.625
2016-09-14,526.974976
2016-09-15,522.799988
2016-09-16,524.5
2016-09-19,523
2016-09-20,526.650024
2016-09-21,527
2016-09-22,529.5
2016-09-23,528.5
2016-09-26,521.375
2016-09-27,517.525024
2016-09-28,520
2016-09-29,522.474976
2016-09-30,515.549988
2016-10-03,517.75
2016-10-04,520
2016-10-05,524.599976
2016-10-06,522.5
2016-10-07,514.974976
2016-10-10,508.5
2016-10-13,510.700012
2016-10-14,526.450012
2016-10-17,517.474976
2016-10-18,515
2016-10-19,521
2016-10-20,522.375
2016-10-21,517.5
2016-10-24,518.75
2016-10-25,518.25
2016-10-26,508.5
2016-10-27,508.950012
2016-10-28,502.600006
2016-11-01,503.399994
2016-11-02,492.399994
2016-11-03,490.524994
2016-11-04,483.5
2016-11-07,492.5
2016-11-08,493.450012
2016-11-09,465
2016-11-10,481.25
2016-11-11,470
2016-11-15,462
2016-11-16,465
2016-11-17,467.125
2016-11-18,465
2016-11-21,463.450012
2016-11-22,458.450012
2016-11-23,461.049988
2016-11-24,464.100006
2016-11-25,465.225006
2016-11-28,489.649994
2016-11-29,489.399994
2016-11-30,486.5
2016-12-01,488
2016-12-02,482.399994
2016-12-05,482.950012
2016-12-06,480.899994
2016-12-07,484
2016-12-08,485.024994
2016-12-09,492.5
2016-12-12,491.399994
2016-12-13,490.25
2016-12-14,495.5
2016-12-15,498.700012
2016-12-16,501.899994
2016-12-19,503.049988
2016-12-20,501
2016-12-21,508
2016-12-22,501.25
2016-12-23,492.450012
2016-12-26,494
2016-12-27,491.375
2016-12-28,501.475006
2016-12-29,501.875
2016-12-30,499
2017-01-02,505.549988
2017-01-03,502.049988
2017-01-04,497.524994
2017-01-05,500.799988
2017-01-06,497.450012
2017-01-09,486.125
2017-01-10,488.5
2017-01-11,487.100006
2017-01-12,488.774994
2017-01-13,515
2017-01-16,482.5
2017-01-17,478.125
2017-01-18,479.049988
2017-01-19,475.5
2017-01-20,475
2017-01-23,472.5
2017-01-24,475
2017-01-25,473.049988
2017-01-27,466.924988
2017-01-30,468.75
2017-01-31,470.75
2017-02-01,460.549988
2017-02-02,458.5
2017-02-03,466.899994
2017-02-06,468.625
2017-02-07,466.5
2017-02-08,468
2017-02-09,468.5
2017-02-10,473.125
2017-02-13,486.424988
2017-02-14,490
2017-02-15,494.600006
2017-02-16,495.5
2017-02-17,506.875
2017-02-20,498.25
2017-02-21,511.049988
2017-02-22,507.5
2017-02-23,499.450012
2017-02-27,503.649994
2017-02-28,505.924988
2017-03-01,506
2017-03-02,512.200012
2017-03-03,505.125
2017-03-06,510.024994
2017-03-07,511
2017-03-08,508.450012
2017-03-09,503.899994
2017-03-10,507.5
2017-03-14,511.399994
2017-03-15,517.450012
2017-03-16,506.649994
2017-03-17,517.700012
2017-03-20,513.275024
2017-03-21,510.450012
2017-03-22,511.225006
2017-03-23,514.125
2017-03-24,519
2017-03-27,513.599976
2017-03-28,515.75
2017-03-29,517.150024
2017-03-30,517
2017-03-31,511.625
2017-04-03,516.075012
2017-04-05,502.5
2017-04-06,499.075012
2017-04-07,500.450012
2017-04-10,492.450012
2017-04-11,478.024994
2017-04-12,485
2017-04-13,485
2017-04-17,465
2017-04-18,462.375
2017-04-19,461.5
2017-04-20,460.75
2017-04-21,467.399994
2017-04-24,458.75
2017-04-25,462.950012
2017-04-26,464.975006
2017-04-27,458
2017-04-28,463.424988
2017-05-02,462
2017-05-03,463.25
2017-05-04,468.5
2017-05-05,468
2017-05-08,469
2017-05-09,475.299988
2017-05-10,473.575012
2017-05-11,473.424988
2017-05-12,476.5
2017-05-15,481.75
2017-05-16,476.549988
2017-05-17,475.799988
2017-05-18,471.5
2017-05-19,480.75
2017-05-22,479.200012
2017-05-23,482.325012
2017-05-24,480
2017-05-25,480.5
2017-05-26,493.5
2017-05-29,495.450012
2017-05-30,491
2017-05-31,496.774994
2017-06-01,484.649994
2017-06-02,486.700012
2017-06-05,485
2017-06-06,482.5
2017-06-07,492.5
2017-06-08,481.475006
2017-06-09,469.274994
2017-06-12,471.674988
2017-06-13,476.75
2017-06-14,480
2017-06-15,479.825012
2017-06-16,474.549988
2017-06-19,469.975006
2017-06-20,467.5
2017-06-21,472.5
2017-06-22,473.850006
2017-06-23,472.5
2017-06-27,472.5
2017-06-28,466.399994
2017-06-29,465.100006
2017-06-30,465.399994
2017-07-03,470.549988
2017-07-04,476.924988
2017-07-05,479.5
2017-07-06,472.5
2017-07-07,471.924988
2017-07-10,471.600006
2017-07-11,478.325012
2017-07-12,487.475006
2017-07-13,488.625
2017-07-14,499.725006
2017-07-17,487.5
2017-07-18,493.024994
2017-07-19,490.725006
2017-07-20,489.649994
2017-07-21,486.5
2017-07-24,491.75
2017-07-25,495
2017-07-26,499.049988
2017-07-27,498
2017-07-28,488
2017-07-31,495.950012
2017-08-01,505.5
2017-08-02,503
2017-08-03,495.5
2017-08-04,494
2017-08-07,491.75
2017-08-08,484.25
2017-08-09,483.825012
2017-08-10,484.950012
2017-08-11,488
2017-08-14,494
2017-08-16,491
2017-08-17,502.5
2017-08-18,508.950012
2017-08-21,462
2017-08-22,447.600006
2017-08-23,440
2017-08-24,455
2017-08-28,471.975006
2017-08-29,470.725006
2017-08-30,468.600006
2017-08-31,464.399994
2017-09-01,457.975006
2017-09-04,460.5
2017-09-05,451
2017-09-06,450
2017-09-07,450
2017-09-08,449.5
2017-09-11,445.200012
2017-09-12,441.274994
2017-09-13,442.75
2017-09-14,442.25
2017-09-15,446.149994
2017-09-18,455
2017-09-19,454
2017-09-20,458.5
2017-09-21,457.5
2017-09-22,454.075012
2017-09-25,450.5
2017-09-26,448.5
2017-09-27,453.049988
2017-09-28,448.049988
2017-09-29,449
2017-10-03,455.049988
2017-10-04,451.5
2017-10-05,450
2017-10-06,452
2017-10-09,460
2017-10-10,469.975006
2017-10-11,467.725006
2017-10-12,465
2017-10-13,466.399994
2017-10-16,467.975006
2017-10-17,468.399994
2017-10-18,464.450012
2017-10-19,465
2017-10-23,465
2017-10-24,473
2017-10-25,459.5
2017-10-26,471
2017-10-27,477.5
2017-10-30,477.325012
2017-10-31,462.5
2017-11-01,462.5
2017-11-02,461.524994
2017-11-03,458.5
2017-11-06,461.575012
2017-11-07,463.125
2017-11-08,480.125
2017-11-09,476.5
2017-11-10,479.399994
2017-11-13,481.024994
2017-11-14,475.975006
2017-11-15,472.575012
2017-11-16,475.899994
2017-11-17,492.75
2017-11-20,484.5
2017-11-21,480.649994
2017-11-22,483.299988
2017-11-23,485.75
2017-11-24,495.450012
2017-11-27,503.350006
2017-11-28,497.200012
2017-11-29,493.825012
2017-11-30,494.725006
2017-12-01,489.700012
2017-12-04,490
2017-12-05,492.674988
2017-12-06,492.5
2017-12-07,494.5
2017-12-08,500.5
2017-12-11,497.475006
2017-12-12,501
2017-12-13,505.450012
2017-12-14,502.625
2017-12-15,506.5
2017-12-18,505.950012
2017-12-19,508.725006
2017-12-20,502.549988
2017-12-21,507.399994
2017-12-22,508
2017-12-26,515
2017-12-27,514
2017-12-28,515
2017-12-29,515.049988
2018-01-01,518.849976
2018-01-02,518.625
2018-01-03,514.25
2018-01-04,510.5
2018-01-05,507.649994
2018-01-08,512.450012
2018-01-09,520
2018-01-10,523.400024
2018-01-11,527.625
2018-01-12,542.900024
2018-01-15,540
2018-01-16,540.625
2018-01-17,562.424988
2018-01-18,572.5
2018-01-19,572.5
2018-01-22,566.075012
2018-01-23,577.5
2018-01-24,587.400024
2018-01-25,591
2018-01-29,583.275024
2018-01-30,589.450012
2018-01-31,579.575012
2018-02-01,571.099976
2018-02-02,567.625
2018-02-05,570
2018-02-06,549.974976
2018-02-07,558
2018-02-08,561.400024
2018-02-09,559
2018-02-12,557.400024
2018-02-14,553
2018-02-15,551.5
2018-02-16,562.5
2018-02-19,564.200012
2018-02-20,551.875
2018-02-21,573.75
2018-02-22,572.775024
2018-02-23,581.75
2018-02-26,575.5
2018-02-27,572.474976
2018-02-28,573.799988
2018-03-01,584.799988
2018-03-05,580.375
2018-03-06,581.275024
2018-03-07,577.5
2018-03-08,574.5
2018-03-09,581.174988
2018-03-12,588
2018-03-13,590.099976
2018-03-14,590
2018-03-15,590
2018-03-16,591
2018-03-19,582
2018-03-20,574.299988
2018-03-21,585
2018-03-22,582.25
2018-03-23,573.5
2018-03-26,583.450012
2018-03-27,580
2018-03-28,575.375
2018-04-02,570.5
2018-04-03,567.349976
2018-04-04,572
2018-04-05,569.775024
2018-04-06,571.5
2018-04-09,562.5
2018-04-10,556
2018-04-11,559
2018-04-12,564.724976
2018-04-13,587
2018-04-16,551
2018-04-17,563.5
2018-04-18,561.424988
2018-04-19,562
2018-04-20,569.5
2018-04-23,584
2018-04-24,592.5
2018-04-25,576
2018-04-26,587
2018-04-27,590
2018-04-30,590.849976
2018-05-02,599.450012
2018-05-03,598.625
2018-05-04,592.5
2018-05-07,590.625
2018-05-08,588.950012
2018-05-09,583.75
2018-05-10,588
2018-05-11,586.150024
2018-05-14,592.174988
2018-05-15,594.049988
2018-05-16,593.625
2018-05-17,598
2018-05-18,591.5
2018-05-21,589.775024
2018-05-22,587.5
2018-05-23,597.5
2018-05-24,599
2018-05-25,615.049988
2018-05-28,615.5
2018-05-29,607.025024
2018-05-30,608.5
2018-05-31,605.849976
2018-06-01,615.200012
2018-06-04,610.549988
2018-06-05,621
2018-06-06,612.599976
2018-06-07,619
2018-06-08,624
2018-06-11,632.775024
2018-06-12,632.875
2018-06-13,633.400024
2018-06-14,626.5
2018-06-15,618.5
2018-06-18,642
2018-06-19,631.5
2018-06-20,624.25
2018-06-21,622.974976
2018-06-22,621.5
2018-06-25,628.575012
2018-06-26,634.5
2018-06-27,641.974976
2018-06-28,638.150024
2018-06-29,649.025024
2018-07-02,657
2018-07-03,665.950012
2018-07-04,676.025024
2018-07-05,673.549988
2018-07-06,645.125
2018-07-09,648.5
2018-07-10,654.25
2018-07-11,658.775024
2018-07-12,663.049988
2018-07-13,657.5
2018-07-16,658.700012
2018-07-17,664.849976
2018-07-18,669.900024
2018-07-19,661.5
2018-07-20,663
2018-07-23,676.075012
2018-07-24,687.200012
2018-07-25,689.5
2018-07-26,689.275024
2018-07-27,686.599976
2018-07-30,685
2018-07-31,674.275024
2018-08-01,681.900024
2018-08-02,679.799988
2018-08-03,683.099976
2018-08-06,683.025024
2018-08-07,687
2018-08-08,685.900024
2018-08-09,686.825012
2018-08-10,692.900024
2018-08-13,695
2018-08-14,706.974976
2018-08-16,707.474976
2018-08-17,715.450012
2018-08-20,694
2018-08-21,695
2018-08-23,696.5
2018-08-24,698.25
2018-08-27,691.5
2018-08-28,708.599976
2018-08-29,716.799988
2018-08-30,706.400024
2018-08-31,712.549988
2018-09-03,724.5
2018-09-04,722
2018-09-05,741.950012
2018-09-06,732.549988
2018-09-07,734.349976
2018-09-10,737.75
2018-09-11,735.900024
2018-09-12,744.400024
2018-09-14,741.900024
2018-09-17,735
2018-09-18,730
2018-09-19,727
2018-09-21,713.849976
2018-09-24,706.5
2018-09-25,718.25
2018-09-26,731.200012
2018-09-27,722
2018-09-28,721
2018-10-01,737.5
2018-10-03,743.799988
2018-10-04,728.5
2018-10-05,713
2018-10-08,725.049988
2018-10-09,717.099976
2018-10-10,719.900024
2018-10-11,685
2018-10-12,676.400024
2018-10-15,688.599976
2018-10-16,710
2018-10-17,710
2018-10-19,687
2018-10-22,688.700012
2018-10-23,675.950012
2018-10-24,663
2018-10-25,643
2018-10-26,645.299988
2018-10-29,633.700012
2018-10-30,641.099976
2018-10-31,663.900024
2018-11-01,689.700012
2018-11-02,665.950012
2018-11-05,663.5
2018-11-06,667.900024
2018-11-07,673
2018-11-09,679
2018-11-12,666
2018-11-13,663.5
2018-11-14,665.700012
2018-11-15,654
2018-11-16,659.900024
2018-11-19,659
2018-11-20,651.700012
2018-11-21,640
2018-11-22,622.25
2018-11-26,621
2018-11-27,625.5
2018-11-28,640.950012
2018-11-29,671
2018-11-30,661
2018-12-03,673.150024
2018-12-04,672.549988
2018-12-05,683
2018-12-06,676.099976
2018-12-07,672
2018-12-10,669.900024
2018-12-11,669.200012
2018-12-12,677.099976
2018-12-13,682
2018-12-14,697.450012
2018-12-17,711.849976
2018-12-18,686.5
2018-12-19,671.549988
2018-12-20,660
2018-12-21,659.5
2018-12-24,657
2018-12-26,647
2018-12-27,652.75
2018-12-28,663.349976
2018-12-31,660
2019-01-01,660.950012
2019-01-02,666
2019-01-03,672
2019-01-04,671.75
2019-01-07,665
2019-01-08,674.950012
2019-01-09,686.200012
2019-01-10,681.599976
2019-01-11,680.200012
2019-01-14,707
2019-01-15,707.200012
2019-01-16,729.900024
2019-01-17,735.799988
2019-01-18,730
2019-01-21,738.200012
2019-01-22,741.25
2019-01-23,742.349976
2019-01-24,728.099976
2019-01-25,728
2019-01-28,731
2019-01-29,725.5
2019-01-30,727.900024
2019-01-31,726
2019-02-01,751.349976
2019-02-04,757
2019-02-05,747
2019-02-06,755.549988
2019-02-07,763.049988
2019-02-08,760
2019-02-11,766.900024
2019-02-12,760.349976
2019-02-14,751
2019-02-15,742.299988
2019-02-18,742.349976
2019-02-19,739.099976
2019-02-20,727
2019-02-21,738
2019-02-22,732.5
2019-02-25,735.549988
2019-02-26,748.599976
2019-02-27,745
2019-02-28,738.700012
2019-03-01,735.5
2019-03-05,740.5
2019-03-06,736.099976
2019-03-07,734
2019-03-08,722.950012
2019-03-11,713.299988
2019-03-12,709
2019-03-13,710
2019-03-14,714
2019-03-15,712
2019-03-18,721.549988
2019-03-19,712.799988
2019-03-20,727.25
2019-03-22,745
2019-03-25,742.400024
2019-03-26,735.25
2019-03-27,730
2019-03-28,730
2019-04-01,742
2019-04-02,759
2019-04-03,756
2019-04-04,751.400024
2019-04-05,750.900024
2019-04-08,763.049988
2019-04-09,770
2019-04-10,764
2019-04-11,751.75
2019-04-12,743.099976
2019-04-15,724.700012
2019-04-16,727.900024
2019-04-18,722.5
2019-04-22,717.049988
2019-04-23,723.900024
2019-04-24,728.200012
2019-04-25,736.450012
2019-04-26,731
2019-04-30,738
2019-05-02,747
2019-05-03,722.900024
2019-05-06,715
2019-05-07,720.400024
2019-05-08,721
2019-05-09,719.150024
2019-05-10,720.799988
2019-05-13,716.549988
2019-05-14,716.5
2019-05-15,714.900024
2019-05-16,720
2019-05-17,733.150024
2019-05-20,719.700012
2019-05-21,722.650024
2019-05-22,710
2019-05-23,715
2019-05-24,703.799988
2019-05-27,707.400024
2019-05-28,712
2019-05-29,725.5
2019-05-30,727
2019-05-31,736.5
2019-06-03,729.799988
2019-06-04,737.25
2019-06-06,736.5
2019-06-07,735.849976
2019-06-10,740.099976
2019-06-11,755
2019-06-12,756.950012
2019-06-13,740
2019-06-14,743.849976
2019-06-17,743
2019-06-18,740.200012
2019-06-19,752.5
2019-06-20,737.799988
2019-06-21,755
2019-06-24,751.900024
2019-06-25,744
2019-06-26,743
2019-06-27,742
2019-06-28,735.5
2019-07-01,735
2019-07-02,734
2019-07-03,741
2019-07-04,729
2019-07-05,735
2019-07-08,716.450012
2019-07-09,718
2019-07-10,709
2019-07-11,719.450012
2019-07-12,722.5
2019-07-15,763
2019-07-16,777
2019-07-17,783.900024
2019-07-18,789.049988
2019-07-19,788.700012
2019-07-22,785.950012
2019-07-23,787
2019-07-24,788
2019-07-25,788.25
2019-07-26,792.299988
2019-07-29,789.5
2019-07-30,791.900024
2019-07-31,790.849976
2019-08-01,786.450012
2019-08-02,765.049988
2019-08-05,772.599976
2019-08-06,778.799988
2019-08-07,778.900024
2019-08-08,782.700012
2019-08-09,792
2019-08-13,784.150024
2019-08-14,775.099976
2019-08-16,780
2019-08-19,775.599976
2019-08-20,785.200012
2019-08-21,793
2019-08-22,799.900024
2019-08-23,796.450012
2019-08-26,795.900024
2019-08-27,791
2019-08-28,787.400024
2019-08-29,795.5
2019-08-30,810
2019-09-03,815
2019-09-04,810.75
2019-09-05,830.099976
2019-09-06,843.299988
2019-09-09,836.799988
2019-09-11,822.299988
2019-09-12,816.400024
2019-09-13,818.099976
2019-09-16,832.049988
2019-09-17,831.5
2019-09-18,829.900024
2019-09-19,824.849976
2019-09-20,822.900024
2019-09-23,806.900024
2019-09-24,765
2019-09-25,787.700012
2019-09-26,787.75
2019-09-27,787.049988
2019-09-30,785.099976
2019-10-01,807
2019-10-03,792.549988
2019-10-04,790
2019-10-07,794.849976
2019-10-09,795.450012
2019-10-10,785.400024
2019-10-11,781.5
2019-10-14,786.75
2019-10-15,773.099976
2019-10-16,765.25
2019-10-17,767
2019-10-18,763.799988
2019-10-22,691.099976
2019-10-23,630
2019-10-24,650
2019-10-25,647
2019-10-27,650
2019-10-29,651
2019-10-30,660.400024
2019-10-31,668.400024
2019-11-01,690
2019-11-04,681.799988
2019-11-05,708.75
2019-11-06,695.799988
2019-11-07,717
2019-11-08,722
2019-11-11,698.900024
2019-11-13,696.5
2019-11-14,696.349976
2019-11-15,709.049988
2019-11-18,705
2019-11-19,709.900024
2019-11-20,712.799988
2019-11-21,715.5
2019-11-22,711.75
2019-11-25,693.349976
2019-11-26,705
2019-11-27,694.25
2019-11-28,699.099976
2019-11-29,700.900024
2019-12-02,703.099976
2019-12-03,692.700012
2019-12-04,697
2019-12-05,706.450012
2019-12-06,715.950012
2019-12-09,716
2019-12-10,713
2019-12-11,716.599976
2019-12-12,718.5
2019-12-13,700.349976
2019-12-16,712.299988
2019-12-17,719.700012
2019-12-18,731
2019-12-19,733.5
2019-12-20,731
2019-12-23,732.150024
2019-12-24,736.950012
2019-12-26,732
2019-12-27,729.75
2019-12-30,736.099976
2019-12-31,729.700012
2020-01-01,735
2020-01-02,738.900024
2020-01-03,733.900024
2020-01-06,746.099976
2020-01-07,738
2020-01-08,724.950012
2020-01-09,721.700012
2020-01-10,740.450012
2020-01-13,760
2020-01-14,769.950012
2020-01-15,773.849976
2020-01-16,770.700012
2020-01-17,770.700012
2020-01-20,771.599976
2020-01-21,768.450012
2020-01-22,768.450012
2020-01-23,777.099976
2020-01-24,775.75
2020-01-27,779.049988
2020-01-28,781
2020-01-29,786.599976
2020-01-30,789.700012
2020-01-31,780.549988
2020-02-03,782
2020-02-04,770.099976
2020-02-05,781
2020-02-06,784.349976
2020-02-07,775.950012
2020-02-10,774
2020-02-11,779
2020-02-12,775.799988
2020-02-13,785
2020-02-14,794.5
2020-02-17,790.299988
2020-02-18,785
2020-02-19,800
2020-02-20,803.25
2020-02-24,800.099976
2020-02-25,799
2020-02-26,793.950012
2020-02-27,778
2020-02-28,750
2020-03-02,737
2020-03-03,755
2020-03-04,753.900024
2020-03-05,763.75
2020-03-06,741
