input,out_residual
0,9.16917290269788
1,0.150252739315828
2,-2.03084104489438
3,2.94590206362945
4,3.87131870379112
5,-8.73976776120432
6,4.44636875751042
7,-0.099913121610497
8,-12.1704952657342
9,-3.56329959612375
10,-2.88811625145888
11,-1.57870588295493
12,4.40659001948579
13,6.3046402266787
14,6.40486039417381
15,-0.198966364575838
16,-2.60009912207149
17,-7.69977669563446
18,6.23627071789228
19,-5.9244628733405
20,-1.65205740524068
21,-4.75127033800694
22,-25.7479873590924
23,19.7452158012976
24,0.510150019874287
25,-3.56368099936625
26,-8.26684014882818
27,7.52311929419723
28,2.79695442804425
29,-3.47450048301089
30,0.034942649248191
31,7.63336583752296
32,2.84784194660365
33,-1.82734413808398
34,1.37312696688797
35,-2.13455023150745
36,-0.123794754882474
37,2.39711042242646
38,-10.000145768575
39,3.30691735547732
40,-3.94561433223581
41,11.8055608916725
42,12.3713681247809
43,3.29071870769254
44,-3.95269865921581
45,4.1032712474208
46,-5.43621269442232
47,1.8102759771468
48,-0.603353834673345
49,-11.7488637827106
50,-11.6805316493767
51,31.1889212220106
52,-24.3799802803213
53,2.49315443712265
54,-5.06254343583118
55,7.48126809411942
56,10.3795575190402
57,8.75560736981445
58,-1.31928539334813
59,8.48228975597669
60,1.32151586448803
61,-6.58091818203963
62,2.59953577706567
63,-2.48974904931692
64,2.67086073467665
65,9.69175268049808
66,3.90720501429635
67,6.35010679253211
68,-3.49881461657882
69,6.99412887541733
70,4.63779495580251
71,-3.24827350306942
72,5.11649607534135
73,-3.55718959151882
74,0.668676770654414
75,-5.67279018729468
76,-6.06789927089892
77,5.85647479067734
78,-6.11323053189688
79,7.04959995758516
80,-2.01483480323984
81,-9.1088395915877
82,3.36037535920661
83,10.3917262177169
84,-3.34046310097469
85,1.18555748380079
86,8.4298473192377
87,-0.795104297875283
88,-5.65256777354149
89,-4.84985473750041
90,-2.79731181599975
91,-5.07637668438052
92,1.76592062342952
93,-1.9286079605233
94,6.18387047034775
95,6.70564518572341
96,-5.1326559413437
97,1.86512444727731
98,7.93488916009114
99,3.38800625082478
100,-2.68704866396781
101,13.2222213553096
102,-0.723774149517953
103,-7.09126904068263
104,4.03320266490987
105,-8.15891622639956
106,6.315799072305
107,-2.95473148659692
108,-3.18103265701997
109,-12.7644219457359
110,7.38033299756137
111,-4.04023806780012
112,-1.55793387251869
113,-0.73648908040488
114,-1.96508563821038
115,-4.33170363987306
116,5.85114296322865
117,1.38858735475921
118,-4.20838851089395
119,-0.818383668093087
120,0.739393008695734
121,-2.29249810559099
122,-2.4300329009351
123,10.57332943148
124,1.5639439344706
125,-3.16203626358452
126,2.69696728422491
127,-9.25514936418582
128,6.71435115623639
129,5.79641969710567
130,8.86736282583115
131,4.984861509591
132,2.72623555080712
133,2.3612399375015
134,2.50002179699632
135,2.79214057082438
136,2.10674440082757
137,-1.07969231847681
138,-0.117574261441051
139,1.74467529387808
140,4.57022051087913
141,-2.19455649783851
142,9.74230250703635
143,-7.61669424550711
144,-0.866023034329401
145,10.9272370151968
146,6.80890575441568
147,8.14031829464947
148,-0.824182671964915
149,-8.59595397903909
150,-10.7469382239497
151,-0.632978985080959
152,4.56979793874079
153,9.39146433835977
154,-5.75907154142769
155,-0.517839887776277
156,-7.64883789115973
157,-5.41130695936462
158,0.490075042902984
159,6.93359060058887
160,-5.62210601190294
161,7.83400268178277
162,0.531086200138677
163,6.43197897372238
164,5.5768799930753
165,0.541111980534119
166,13.3213154166079
167,-4.26158321797697
168,2.86535306253921
169,16.4719197771588
170,0.868447805514198
171,-6.4543375041197
172,10.4751383133021
173,3.10948963094098
174,-19.1037578378557
175,11.190399239568
176,-5.37306137322966
177,-0.804791420073701
178,-15.2748574106565
179,5.23194781141117
180,1.21664712542023
181,8.82309265518748
182,-0.298388785060489
183,-13.1321547636973
184,5.29714185144724
185,-0.239665756521507
186,18.8793311009107
187,-7.06227593008137
188,5.80537113279964
189,-5.76365616403775
190,-2.85393572810823
191,0.406232826768451
192,-15.7594223506489
193,13.9777798538505
194,-9.10569162310391
195,-7.54007372663432
196,-2.42069285120581
197,-9.17634921203879
198,4.5499243425411
199,4.9975162269565
200,3.78667828975117
201,-5.72023142381669
202,4.85269548061564
203,-0.50982747130176
204,0.81009556580607
205,8.50252083417086
206,-1.66146274949492
207,10.7564424976156
208,-3.64855317635249
209,-3.34775755935968
210,-1.81201971628137
211,-7.50558306953462
212,-11.6858720324851
213,-6.61721728984569
214,2.61135706675017
215,6.02630161305207
216,-7.16528507566238
217,-2.18807043054448
218,5.25556678016565
219,2.52201416615578
220,3.18134523380487
221,1.01748139536642
222,8.47347798891388
223,11.3665536331091
224,-6.0605581378746
225,-22.4740895910673
226,-28.9856073019603
227,15.4645193251538
228,1.85959998762504
229,-10.8769824339332
230,0.745944284381058
231,-9.5143435242566
232,-0.981697921034854
233,-25.189670799938
234,11.3262859493333
235,-2.58957529564898
236,7.61881813354658
237,7.83506944819388
238,-5.35791953483781
239,-4.19861827116802
240,4.5130482895759
241,-10.0976620352705
242,-2.65332655907107
243,-2.41825036904898
244,-4.16309695731567
245,-3.39852653538231
246,-17.5249323987433
247,13.8935801884631
248,18.2218515980575
249,13.5790843208551
250,-5.07102259829459
251,-1.68474787677697
252,-2.12287773434761
253,0.490863915582605
254,-0.839892613909102
255,-4.9078494558047
256,-4.20065018091084
257,0.570527399449666
258,1.50686745158594
259,3.27153643727822
260,-9.97924801333345
261,2.28743679375761
262,5.56510290188164
263,-2.85722683829198
264,17.915992681731
265,-2.34025831941638
266,0.06549439022521
267,5.52561466817695
268,9.12452082353083
269,-2.75363905408063
270,5.85622327266166
271,17.5593413505622
272,-7.03332625942939
273,-2.67571854918584
274,2.34629728488191
275,-2.96296007574956
276,-9.86879562706607
277,7.26747198730967
278,1.65235017008544
279,-6.27530007412652
280,10.734762959937
281,14.5447567662057
282,2.3862504998213
283,0.144183752465086
284,-3.566553562454
285,3.53742366989858
286,0.247387758502656
287,-3.13172758458262
288,-12.3548981844704
289,-14.3236110089987
290,-3.79039321319932
291,-6.23446736603924
292,12.6252825404376
293,-4.02743014088533
294,-6.24027448143573
295,-2.49057327656544
296,-3.77588763467304
297,0.866282474285911
298,-9.53044778765282
299,2.1360320349224
300,0.853611362116684
301,1.61942205668866
302,0.193711052682986
303,-0.043452056303979
304,5.03692058992192
305,-3.89871659697692
306,-1.96845408700028
307,13.3950217044135
308,-19.1412541410822
309,0.798124275066196
310,-1.01918459475519
311,-3.94016198162358
312,-0.195350952174302
313,-3.58487316658538
314,-0.778521898507025
315,2.71182132472416
316,2.60047787388488
317,-1.39990987513705
318,1.501411458865
319,0.997855046514274
320,-8.85815278260115
321,1.23563003693429
322,-3.9517174799852
323,-4.12922095466673
324,0.150902896087849
325,1.91559002132877
326,7.04600843043627
327,6.32055148684675
328,11.5609601564691
329,3.41762519895128
330,-2.10484231775142
331,9.33014478053735
332,-3.79004134136017
333,0.65463001097348
334,6.5540904057725
335,-0.011777503349012
336,3.13192151846892
337,-2.70647738365169
338,-1.33537327083263
339,-5.93947569532403
340,3.14231254622566
341,0.521058615573393
342,2.80034355611743
343,-3.70120054620169
344,2.80133179346263
345,-6.83151321793333
346,2.33838306083226
347,6.04481059110062
348,14.3673902191626
349,-14.5253279084965
350,-5.45381944690572
351,2.83207865282213
352,4.13496985704404
353,2.05594264835659
354,-5.85669352588278
355,-5.48742090037702
356,-22.7708171828334
357,-12.1344858326697
358,-3.10274568157352
359,37.0445547833651
360,6.59740592985124
361,8.2304574685701
362,5.2832287205767
363,-8.59323369603094
364,-3.24430096072304
365,-9.00918037422782
366,6.70698044153379
367,-0.665061569897536
368,-7.5464939702136
369,1.10862305424695
370,-4.47318173850888
371,4.84760564605237
372,17.5212730325359
373,4.82185800832536
374,7.26831557069887
375,1.02379122226074
376,18.3038258054194
377,-2.0785768626565
378,-0.432080991270203
379,-7.18850903610118
380,3.23484778737268
381,-0.093973163078349
382,6.61782526042999
383,6.62066292754217
384,-8.03535363831058
385,3.15351927808644
386,7.93849286315308
387,-7.13907403233069
388,-12.9741439623666
389,0.217570100627142
390,-0.717603097160374
391,12.6797423750922
392,-7.8911136025629
393,10.8755578363704
394,-3.79119468305822
395,0.670694999440165
396,-12.2800781590943
397,8.48108294028888
398,-2.80989808926496
399,12.0382645349705
400,-7.36567882717447
401,6.73363707293043
402,-9.19793966606541
403,7.18652830661515
404,-3.88835492818924
405,4.26811414265277
406,-2.87515646865735
407,-0.776452304895481
408,4.69117715512762
409,0.166023903516019
410,27.7351673250613
411,4.8677399621519
412,-7.85135497564482
413,-13.6934909249891
414,1.38672691886027
415,5.72317516612166
416,-3.77701964598134
417,-2.18030068971718
418,-11.8878461099922
419,15.05409543031
420,-26.8156261130411
421,-15.1219459779111
422,2.89111959619314
423,-9.70683777179406
424,-11.1066346809365
425,-4.87682139383858
426,-8.87883504158793
427,-6.00612357493038
428,4.58518592355528
429,5.28056535879821
430,1.80109853561094
431,0.151541437709847
432,15.142649415669
433,-7.66601163698324
434,6.21373633554153
435,3.44303736123934
436,2.03975196773694
437,-20.3060603608592
438,-5.70316521965258
439,-15.3523374978306
440,9.33196664149946
441,-16.4880745764881
442,-2.34222484453371
443,-2.01127528135729
444,-2.48553632642985
445,3.8804930509848
446,5.09933348586791
447,16.2590899280454
448,-3.91881350009829
449,2.6289349893163
450,1.82698058095351
451,-9.07054889590235
452,-0.796940014875953
453,0.852933540937036
454,-4.30579038828108
455,-7.03758077646355
456,-13.2946919389024
457,1.6421356456643
458,1.63506714336495
459,2.8304687212879
460,1.98477034949587
461,16.4118626348726
462,-4.94567375964914
463,4.59465054114761
464,-0.727079244498257
465,3.7092623218444
466,6.42527495062402
467,-6.34934334530853
468,-8.66018813474113
469,-11.9660316507856
470,4.30862243441216
471,13.3368915584429
472,2.04004486544572
473,1.31748480643127
474,-11.7381014281063
475,-0.059594816072592
476,12.5103277120326
477,2.02206743062138
478,10.6317624971733
479,-0.671838582176003
480,-20.6839476382073
481,3.41125473328392
482,5.42848393728938
483,-2.29503957388155
484,5.06890180408625
485,9.51259547304182
486,5.87445643667326
487,0.595311451538107
488,6.75875767782013
489,8.38924216844303
490,-12.9709926249997
491,-4.93561928692695
492,1.57325096066727
493,-16.4733371898274
494,3.51693061033685
495,-3.26496026552217
496,-10.676121761839
497,-4.77049849614095
498,-0.723068684792672
499,-0.092167231094554
500,3.19299257812106
501,1.49429406017701
502,0.804718966648098
503,-9.09447375813843
504,-3.38232403374847
505,4.06420273231736
506,-7.81832732704609
507,13.6331475734214
508,3.94628489072917
509,-2.41573750966837
510,6.51316586255326
511,-4.99853705840272
512,-2.38279048079799
513,5.22656046407518
514,-6.09461097088945
515,-3.95869911404742
516,3.57925785828147
517,12.5556002927175
518,4.55936013358625
519,-5.92013621497345
520,-6.04066325204776
521,-1.91888012612117
522,0.826705310825676
523,0.727758407274238
524,3.65490372282396
525,-5.06335559073242
526,-3.43033941223019
527,2.35900161672416
528,5.05173491562667
529,4.04882550694708
530,10.2960534110023
531,-5.53122817542582
532,-1.36500588542913
533,-1.5441573525415
534,-2.15278601978312
535,7.31079909249959
536,-2.3421174618472
537,-1.50216895271082
538,-6.23101022126831
539,-11.0035852541923
540,7.30408320827423
541,-12.8882251220229
542,-9.03250296805842
543,0.615717861137618
544,-0.008388569606801
545,-2.72581600367065
546,-4.7141478272578
547,9.2721058823467
548,-15.3356462129181
549,2.75975022540117
550,6.85978760081241
551,-4.86979724912353
552,3.96586828948556
553,0.750049103468997
554,-3.99227788781037
555,6.80140965609012
556,0.039070437686116
557,0.107042744007746
558,-3.24209561177866
559,-4.6353731556745
560,5.47349016398061
561,3.83430310587923
562,8.88606234373135
563,9.1484735317006
564,0.057284738097641
565,-8.41538499717625
566,5.9199877905096
567,-1.7375356611447
568,0.547380798106214
569,7.76197039787746
570,-4.73172842332137
571,3.22116948540397
572,-5.04828251158978
573,-0.378958658711569
574,6.02164554386333
575,-6.21974179469746
576,4.3845891493349
577,-0.426489660798879
578,1.82575868555273
579,4.68465810756632
580,4.64415249667975
581,1.5091427906181
582,-1.85192366814559
583,2.06000528330161
584,3.94186233231599
585,0.323405993046056
586,-0.342790868050932
587,-4.23893952579715
588,-1.85141163716747
589,1.16817514111666
590,0.357986759593738
591,-5.49998178972311
592,2.23377151307278
593,-4.47193221513423
594,-4.87730572051821
595,-2.17292501496384
596,-4.76952514180999
597,0.551876376488531
598,4.47645696218677
599,-2.99996127555878
600,7.84332655773721
601,-0.292972328632089
602,-5.07647118631837
603,-1.72298576298935
604,-0.895013632315836
605,2.72230274831188
606,2.57992040925695
607,13.4875994505476
608,8.31639019479887
609,-1.75858744046023
610,-2.01452163112659
611,6.93680053076229
612,8.76203789701542
613,2.74522289265743
614,6.54570125720045
615,2.13948435340359
616,-10.3196630491879
617,-0.89077352910784
618,3.31370019193636
619,0.438676460939022
620,-2.00732315711758
621,-0.801619078792316
622,0.905480449666127
623,-6.83668400753142
624,0.470342063112069
625,-3.62158162097766
626,8.5742009283349
627,-1.59290267872926
628,-0.523472067311696
629,-2.39029275001646
630,3.3779373181214
631,-3.31615738296224
632,-0.325688121436965
633,15.2555036296072
634,0.431221803621422
635,-1.37456636240387
636,3.6202824402206
637,8.6542216513739
638,16.5709435049037
639,1.15123212096844
640,4.13067093158287
641,1.88195581710423
642,4.30430257969142
643,1.57998392026826
644,3.38137809955071
645,-6.06846600527559
646,4.23157041096025
647,0.441535737681418
648,-4.93563893780627
649,-3.60348376995505
650,-2.65336419117948
651,2.95181291785974
652,2.65934153577385
653,-13.887345834142
654,-2.20908983993374
655,3.57215420006435
656,-8.56320110783945
657,8.86598315782427
658,-3.18842242273405
659,24.6332500843656
660,7.48677694651946
661,-8.94516558336787
662,5.45980238250873
663,11.8715165836164
664,4.01959157896075
665,-4.65826333535099
666,3.34479432150779
667,-2.44432667629379
668,2.65426008195783
669,-0.977326697497897
670,-0.204895498202337
671,-5.14720951498373
672,-3.55411076143236
673,-0.824599057041991
674,8.39512882537591
675,15.0606191677145
676,3.79888266805828
677,3.84728437623199
678,1.5747967909665
679,-14.0392170009393
680,-1.83036857702631
681,3.06214128544619
682,8.09254633611132
683,1.92279382072365
684,-5.40941288072355
685,-4.46142484905776
686,-2.55930088193751
687,6.24588237195564
688,-6.43544934952979
689,0.975134441119344
690,9.18150368906235
691,-5.28247752676656
692,0.386588665282962
693,12.8890554265647
694,4.6717242530211
695,-0.744586102340955
696,-11.004845429875
697,-3.31830738226262
698,-3.77007186399131
699,2.07413830455047
700,-3.96951159822113
701,-5.91531482057932
702,5.23444842301415
703,5.34696216971467
704,-1.30965587143225
705,-5.49195566287994
706,7.84670406260839
707,4.20122180393322
708,1.21898719184121
709,6.19916712455998
710,-3.76775748449465
711,-13.3372759820634
712,1.98182099752636
713,-6.52192878080436
714,-14.5466101817864
715,0.025225340120543
716,-9.03306013641199
717,-3.17333124931317
718,0.808606574883977
719,-0.550191578788577
720,-0.874643508107323
721,10.5938498147555
722,2.60261063355169
723,-1.70924305556385
724,-4.62243734588937
725,-3.14602951579678
726,-0.475065526607755
727,-5.78487544421714
728,6.31510775642519
729,-3.86409861574022
730,9.13520904675375
731,-4.4284172413866
732,-5.43055403463663
733,2.7614041851042
734,5.95627190583774
735,-0.450179516331498
736,-0.53851515980328
737,-2.57612932080619
738,6.819067490893
739,-4.91550141367784
740,-5.64452123117843
741,6.31050119028205
742,-2.09661150380215
743,-13.485887516734
744,13.8543975576144
745,-11.0361982578282
746,4.52225957792458
747,1.78668663412919
748,4.55778172399242
749,-11.3676967875742
750,10.4690278859058
751,5.82574182124441
752,5.97191852325437
753,-1.22303851213863
754,-2.35590576018523
755,3.73768590434677
756,1.26566355677551
757,0.811510950356682
758,-21.3112715050288
759,-3.75159881577457
760,8.83319085666424
761,-6.8221641834608
762,-9.40668680069956
763,3.11407066459081
764,-2.55663453791857
765,-0.16784527638185
766,-0.276911926054128
767,-12.1073918122788
768,3.20939946150587
769,-1.91823471439969
770,0.248525146455339
771,0.156421215486147
772,-5.57365243120643
773,-4.2965254113668
774,-3.44848929205441
775,-3.38965914414071
776,16.2291604108144
777,17.5537742079953
778,15.9724585173514
779,-2.77303765108317
780,-5.75204046688358
781,7.02487125325807
782,-3.62511931777197
783,2.03717001872169
784,6.71250976443895
785,19.7930595183493
786,1.8336229437487
787,4.18137689527592
788,0.648525097108209
789,-9.73479175510473
790,1.12051535117442
791,7.74437890723272
792,-3.40435584174953
793,-0.796116161281626
794,12.0314945796603
795,1.94501200161609
796,2.08377497674147
797,8.04469223660946
798,-3.06274042734641
799,-9.67534501410976
800,-6.022456767041
801,0.803489895562466
802,-8.15934077103613
803,12.2224184174543
804,-9.51387066495403
805,22.8204683550762
806,-20.2699233094484
807,7.39768153193274
808,4.01250633563508
809,-0.626362401878435
810,3.69743803526987
811,-6.99831113921782
812,-4.85954217797399
813,-11.1827007294362
814,1.70479377751605
815,-9.06668786751566
816,14.7636731146119
817,15.8965398123339
818,-5.27964732751141
819,-8.14863316896941
820,-14.5340809531827
821,-2.43666197882145
822,-2.83470440312799
823,10.6806898118563
824,-14.306912398819
825,7.8273973217364
826,12.7463054152111
827,8.26129009088085
828,-4.25088506438927
829,6.64368645839036
830,1.54108188503364
831,-12.0300343098237
832,-7.0077240224365
833,-5.36059820399092
834,-8.32991558151428
835,-2.86989955296694
836,-6.75827522803895
837,-0.160546688633129
838,7.65933546888891
839,-16.7021831896317
840,-8.74398461495005
841,-0.43207927927811
842,14.7495058899899
843,6.7468246075813
844,-15.0194446502101
845,-3.63574192682557
846,2.17650284575105
847,5.39528885312571
848,-4.16178069781128
849,11.9581909400545
850,-16.6352132962119
851,-12.2973754927569
852,-0.111270268122027
853,-0.827116801753891
854,-3.09819815451017
855,8.84645878371047
856,1.35347953162715
857,2.80146780424583
858,-0.77555661557268
859,-14.7049693115588
860,-24.0534070399999
861,2.74389083041997
862,-16.392180632442
863,7.13871702902218
864,14.5013074453637
865,-8.93405501438387
866,-10.2955486681934
867,-4.59244508678181
868,12.4915624570177
869,-10.3940758906014
870,-5.57944816192033
871,0.750629423149121
872,11.076335353444
873,-5.34734877159381
874,-0.517623102482401
875,18.3182068707963
876,11.0535122725171
877,-9.4512014935653
878,11.0357930301036
879,-1.64354351892821
880,7.51117690300412
881,6.32603342560986
882,3.86076263492119
883,0.264555397786394
884,-6.00194793227705
885,8.81713066444236
886,-13.8451255543153
887,4.56454087866815
888,-8.00047673501248
889,-4.53241369693456
890,-0.379510587997201
891,8.81599089442497
892,6.81628759166069
893,1.2210246546233
894,-4.59665660909345
895,-3.10213180411428
896,11.84222687835
897,-0.736289921596841
898,-2.63382871994061
899,1.95431025007722
900,-1.89527261373272
901,6.15194703332595
902,6.78549551422703
903,-8.12989540991995
904,-5.43440447612261
905,6.83950154253377
906,-4.4800535596583
907,0.951128432037688
908,14.7953757282763
909,-3.24404813013767
910,-5.46262274042061
911,14.1033871350565
912,-1.90476050212951
913,-5.73490639210001
914,-0.909048432312679
915,-9.39996792004356
916,-2.38476663295832
917,0.281508349881552
918,16.8508592690939
919,11.0186427510984
920,8.59061446724042
921,0.294049013536128
922,-2.13460364986502
923,-1.42927079732625
924,4.91318985084883
925,-2.41817384142877
926,0.756614144314725
927,0.656864134435959
928,7.79863358807085
929,-11.0864903933326
930,4.46940522007389
931,-1.33102861721128
932,6.24952610132524
933,-8.23313817413973
934,10.7475074220242
935,1.56123329086518
936,-9.3103759256384
937,-2.30910590249514
938,-2.06428865370451
939,5.17788283941609
940,-12.3540857711921
941,1.17314981351392
942,10.0723474915323
943,-6.7396183665876
944,17.1234021232846
945,-2.12482037647278
946,-1.23802794211852
947,-1.59775261814549
948,3.43543541906838
949,-6.3775194230066
950,-3.65696831806072
951,-2.88866834712741
952,-8.01038315110419
953,-12.6722851969853
954,-5.39539643569584
955,6.05087062283332
956,1.21195376405353
957,-8.23210940272256
958,-10.699049157407
959,3.61672254677025
960,4.62268291268579
961,7.56764806938338
962,-7.26614403553024
963,-0.290849268808258
964,7.4260632034821
965,-3.85367976723621
966,9.33595679943675
967,-16.6741223284047
968,-12.2012262465748
969,1.53016700618174
970,6.30942440403132
971,-9.14232682877708
972,6.87481389574748
973,3.92022732023229
974,-2.73683821663181
975,-9.49572154495774
976,8.02697884139075
977,14.8371734167301
978,-3.21632276606332
979,1.18065440433393
980,0.259831713844435
981,-2.19315063948832
982,6.38735360302228
983,-0.699078476628262
984,14.3544808913155
985,2.35332188616895
986,-0.499127503314602
987,-2.96670867583143
988,0.009758345490731
989,7.16119622571772
990,-0.474760317898237
991,10.8986574858688
992,4.08652836772004
993,-10.4530058293043
994,2.47973298638211
995,-3.68494925391179
996,5.06032375675114
997,9.45568109930693
998,17.0796202766695
999,-9.67628150896202
1000,4.71266817270985
1001,6.31842724014997
1002,8.05444391772537
1003,-8.49521538013184
1004,-14.3137001972469
1005,-0.490436407345158
1006,-2.59812534057312
1007,0.11729776888136
1008,2.96456793424784
1009,-3.12058678389368
1010,-10.1695986142306
1011,3.19968701011308
1012,2.27382726349471
1013,6.2793552071095
1014,10.9782817025231
1015,0.223096849656269
1016,0.221603078510894
1017,-2.97571891251565
1018,8.86302978356779
1019,0.799332515414392
1020,-3.25852541084688
1021,-8.11057880020591
1022,-6.74665570720726
1023,-2.70296642953195
1024,9.51041747704187
1025,18.0995377565764
1026,-2.57051985510561
1027,5.57457468614177
1028,-0.046204512892613
1029,13.4392102226043
1030,1.77231720262953
1031,1.6986631497972
1032,-5.47673613204599
1033,-5.20478542169204
1034,6.07704987327137
1035,1.93497131464802
1036,-0.441944018324237
1037,2.61747574816223
1038,15.2763448787847
1039,21.3234479809593
1040,-16.4402027763848
1041,-14.179980721504
1042,19.2073053537473
1043,11.1084585800556
1044,-18.6535910676321
1045,11.7073586629318
1046,14.2720567502507
1047,-9.58695491945395
1048,19.7571963610353
1049,34.096075866476
1050,-17.1382367596298
1051,-19.0343605866216
1052,10.1256658378417
1053,24.1509693557361
1054,4.36904856191137
1055,-4.64956813333364
1056,-8.16589967347301
1057,-5.08505723578914
1058,16.2271661595713
1059,-4.16446840459711
1060,-0.325241420165282
1061,-5.97159197132811
1062,6.48735337394511
1063,-3.93512387616552
1064,-14.4275601444502
1065,-4.34830366845384
1066,-11.7526064819716
1067,4.22178116124057
1068,-13.287819250396
1069,4.55413689554962
1070,3.37611181824392
1071,14.0949491992602
1072,-8.06782306730861
1073,-13.2388038780466
1074,-1.88211204831547
1075,24.0439635952906
1076,12.3041914390386
1077,8.67956062031771
1078,3.08869847510544
1079,5.30953233104923
1080,-17.2654709675991
1081,-23.5959508157527
1082,-5.31067224081057
1083,-0.739899053274768
1084,4.49392486841568
1085,15.9412196876573
1086,-9.28315645084074
1087,-3.22307906698338
1088,4.62881851225025
1089,0.363454417848545
1090,-1.85595531868183
1091,4.6402071804922
1092,3.79290241719127
1093,5.43946094736207
1094,-1.29147332818457
1095,6.16323943291287
1096,-17.5808881476973
1097,-10.8501084825892
1098,9.10160087617199
1099,27.2162766805065
1100,1.8849156019975
1101,-4.82975248574053
1102,4.60273161456166
1103,37.4910960148055
1104,-5.22867683980071
1105,8.23854698433939
1106,1.42254018422114
1107,4.02953614499366
1108,24.3190975218535
1109,-8.86135129564792
1110,12.7200519563681
1111,6.29434363353826
1112,3.82623873697414
1113,-1.41630789595834
1114,-0.296070152197263
1115,7.74566301452455
1116,-5.76269283859097
1117,-1.62436151025324
1118,8.15187455767292
1119,-2.20741046433068
1120,5.88224617267609
1121,-11.2956742453012
1122,0.780190475857321
1123,-8.90902606764005
1124,-5.60561476575198
1125,2.23619999204258
1126,-3.21436906628619
1127,4.54651455412874
1128,-4.2565101181628
1129,12.230490440289
1130,-11.1639754665429
1131,-3.11776289897717
1132,-11.0030763610319
1133,6.25140149456023
1134,-8.03571218486263
1135,24.3187846545383
1136,-3.83292686460203
1137,-11.6707260171944
1138,16.6085894628434
1139,-16.0851656733843
1140,6.96194196428305
1141,-8.03185705191135
1142,-22.4203828207367
1143,-17.3305707815917
1144,-7.37088049779709
1145,-0.065418662996912
1146,-25.5770093807341
1147,23.0462940365395
1148,-5.02436167620318
1149,-8.1149685481035
1150,13.0212547938002
1151,-6.80333741245768
1152,14.7839270985436
1153,5.26278659445151
1154,-1.60853376570876
1155,6.52776735501807
1156,-17.1232658714482
1157,-16.5258885656376
1158,-1.60432841860664
1159,-2.74974099520887
1160,16.3516587301834
1161,-2.62408466871328
1162,-5.68746454001553
1163,4.73225634287917
1164,-4.48462257815467
1165,6.71826476786145
1166,-6.91277730254642
1167,-10.646949861268
1168,6.71098306253163
1169,2.96641337877742
1170,4.18279348754499
1171,12.4555258024366
1172,6.5988507725642
1173,16.651420517181
1174,-19.0853095171646
1175,-7.83297482313487
1176,10.6247490489598
1177,-9.68061794615272
1178,13.4159376114155
1179,-25.6864617197044
1180,1.08676904434482
1181,6.65730287293143
1182,-3.74840122173778
1183,-6.56889071386988
1184,-5.04830047621961
1185,-16.8758384808565
1186,12.1438170528531
1187,-5.32243989019254
1188,0.600741561145148
1189,24.38028262511
1190,-1.7525836803695
1191,-6.58661500459661
1192,-0.111061912482672
1193,-1.5916530653116
1194,-10.8705033786563
1195,3.15034003054584
1196,-4.35172999462995
1197,-4.83614938177442
1198,-3.17812053124649
1199,-2.24587413930338
1200,9.53195035995011
1201,6.45084256256611
1202,-3.80679087990415
1203,-1.98280518556636
1204,6.60119033907182
1205,7.82107389872522
1206,9.60591466769165
1207,13.9388957444998
1208,15.8899997951106
1209,3.10286278355817
1210,-6.60939358888841
1211,5.59592944828929
1212,11.4404443038206
1213,-16.5047601139168
1214,-5.00574677320738
1215,-8.94062651969232
1216,-18.0005065519617
1217,-13.0491256085538
1218,-21.2394095944765
1219,3.16918255289265
1220,-17.1733484270837
1221,-23.6847998864934
1222,-12.9863828854171
1223,14.6810716998155
1224,3.79946125980499
1225,-5.93579038399038
1226,31.4334313800123
1227,9.32648386945443
1228,12.7752867288392
1229,10.4236696344495
1230,0.851135931353789
1231,2.0482373545175
1232,-0.370238825141127
1233,3.75855148303877
1234,-5.89051346804995
1235,0.865302670535885
1236,18.6274082481335
1237,-17.6797174282715
1238,-2.41147254388014
1239,-18.4731439633874
1240,0.646490143658511
1241,-6.06529905491158
1242,5.89492291625126
1243,18.5466921868288
1244,-2.02664702365395
1245,-11.5090625562002
1246,-3.62813419103109
1247,1.76335045425906
1248,-1.25791237501825
1249,-10.945821245697
1250,-17.8888509061463
1251,0.040713862223633
1252,8.90761345078023
1253,5.99997483192384
1254,0.452600612581445
1255,-2.80895330039036
1256,1.46791044273576
1257,-6.42408184512161
1258,2.72629626916986
1259,24.2406971114302
1260,17.8432410792377
1261,0.512590978068139
1262,-0.091302941164886
1263,4.3563714191485
1264,-19.6829421869765
1265,-17.9074315545582
1266,9.13608910427047
1267,-6.51799810767284
1268,-13.9059990884659
1269,0.683024405754166
1270,13.1864362246199
1271,-10.507046219006
1272,-16.2540674044398
1273,-1.39958882746858
1274,7.87714449247673
1275,-6.36565550893145
1276,-9.38873689477273
1277,24.1719659402408
1278,-9.56343232296716
1279,-8.67192657323782
1280,5.35565296938791
1281,4.04314865470295
1282,6.20161961249646
1283,-2.87262023907252
1284,9.61200080868269
1285,11.7066664927029
1286,7.77711423800607
1287,10.5490857409796
1288,-4.67058729378329
1289,0.024041992367209
1290,0.530712032773114
1291,-0.489347725374116
1292,2.48256622906004
1293,-1.7165112521488
1294,-16.8885577240706
1295,-15.0995271907917
1296,29.9632619821017
1297,2.43293406037252
1298,-15.5959784223213
1299,-11.5120248394322
1300,-6.2947079289151
1301,5.89661473118532
1302,-1.28413375927811
1303,-1.80487621732341
1304,11.9398780200903
1305,-17.8264440469395
1306,1.7522042073335
1307,19.7948503265468
1308,1.27764539181963
1309,10.723533854054
1310,-0.623169366070194
1311,27.9078871608164
1312,4.31268065136139
1313,12.5221281263951
1314,-27.850357509132
1315,7.2336178016149
1316,-5.06656192986913
1317,-0.596009889023735
1318,-4.60005493887361
1319,5.25310097964684
1320,15.1966269377663
1321,-10.2881984336999
1322,8.91664146054901
1323,-1.92664683857977
1324,-11.4397843976637
1325,-16.7826568825644
1326,4.26533315866954
1327,-0.172118974795558
1328,1.90430780618335
1329,2.23041956592726
1330,3.13974303349937
1331,11.4019150400202
1332,5.69456402693099
1333,-8.35599434289698
1334,24.2887750104778
1335,8.33664173137359
1336,-20.3671471066424
1337,-1.60326578077611
1338,1.34706153527072
1339,1.87210154201338
1340,0.747177000885104
1341,12.7724621789844
1342,-4.79931304832771
1343,10.8706516303413
1344,11.761344259609
1345,4.96505737348091
1346,-7.80884521547357
1347,-8.40140324158899
1348,-13.2468032502211
1349,-19.1010967343383
1350,21.6268031074174
1351,16.7350141422699
1352,-11.3017618205369
1353,5.79726415064025
1354,0.952968662687822
1355,-22.6725162630539
1356,-21.0393580491084
1357,-19.7354397634829
1358,2.0075234360122
1359,-4.73660707587298
1360,-5.59720149591137
1361,-2.466235787405
1362,-13.063987747941
1363,-11.7242997230785
1364,-21.2278829904811
1365,-5.62207510310869
1366,-12.8689682192015
1367,-1.59573304040946
1368,26.5981067004667
1369,3.326167656079
1370,7.6341430120711
1371,-5.23212410871085
1372,-2.50830912437133
1373,-4.53315057377272
1374,8.29395017828917
1375,3.84974602662645
1376,7.26048464099242
1377,-9.71422932941455
1378,13.4422867111728
1379,11.1270442436657
1380,-8.32100970497546
1381,21.1330837005832
1382,14.9983878985526
1383,-9.7871118108635
1384,9.55217816476029
1385,-6.83432850557931
1386,15.6849844431225
1387,-5.93687771329168
1388,-5.39365374034091
1389,0.278593951879029
1390,5.48724399298674
1391,4.95379505049739
1392,-6.92419507701651
1393,5.5744715634101
1394,-3.69655493634545
1395,-17.5597879498926
1396,8.21248586796465
1397,-7.98640560238033
1398,-4.68057376458868
1399,-0.097845674953729
1400,-7.60651435910952
1401,-2.99864443806684
1402,-11.5380425953094
1403,4.55385375290364
1404,11.4327075203737
1405,9.37476678119101
1406,2.64988614937454
1407,-16.5193712073298
1408,11.1103408894231
1409,0.36921003171393
1410,2.19259741778753
1411,14.3179548023221
1412,4.35960333894542
1413,0.070558069176337
1414,3.36423040144895
1415,11.9742021779478
1416,4.70037201160116
1417,1.10550141948902
1418,15.6103835346732
1419,-0.663198442153691
1420,8.5935887996864
1421,3.04476404856821
1422,-3.39820220357061
1423,-16.3554031593628
1424,-10.2359708416802
1425,-0.044289180357474
1426,-3.26954198724635
1427,-0.221786931019824
1428,-13.8155650807578
1429,-28.5971929385876
1430,29.4479272478892
1431,-17.2662861313243
1432,-21.8837184030259
1433,13.511358565018
1434,-1.66761803317896
1435,18.2035719028662
1436,-6.60607343575721
1437,-5.19935463655661
1438,3.82696189290988
1439,-4.98371687577456
1440,6.93974687928291
1441,-2.16684804745297
1442,5.75234766700651
1443,-3.8339025626991
1444,-8.84918810668892
1445,-4.00282726070985
1446,-10.5784820731811
1447,-11.0497323889281
1448,-6.49053220512391
1449,-12.281880843488
1450,10.2709403315883
1451,3.87294492271384
1452,2.71040453962087
1453,-12.187876336237
1454,-4.37758171843949
1455,-14.7582078271136
1456,7.11542238713976
1457,-5.47860992656033
1458,31.0092023796308
1459,-10.8550458352492
1460,-1.97761470176744
1461,17.0787468780582
1462,8.08249926748688
1463,1.69265650665334
1464,-16.6505166306507
1465,5.10214745877149
1466,-1.36550913206177
1467,11.5010305334086
1468,-17.4797888216677
1469,-6.99524023180073
1470,-2.18061392862112
1471,-25.383670703975
1472,16.2413189120802
1473,34.1508991795225
1474,-7.96128808842272
1475,1.61348038200267
1476,-1.39374378441805
1477,10.8007572683069
1478,3.52766754877194
1479,-18.7236517454788
1480,7.36946042983125
1481,10.9064447572591
1482,-6.4876809384927
1483,-3.5569585699373
1484,25.6439637731717
1485,-27.1279673727267
1486,-0.316992377450702
1487,4.52946608707103
1488,-4.77610292581935
1489,8.62562030548148
1490,-6.82945657853879
1491,5.48136100649354
1492,-6.97567297080764
1493,-6.39166300217675
1494,7.40784106713379
1495,-9.44239550973148
1496,13.3770264318493
1497,2.30445958773631
1498,11.6148969902314
1499,4.84252087560161
1500,-10.4816723571138
1501,0.278370650362306
1502,-11.7334869348311
1503,-7.54478084091024
1504,-5.44371864835861
1505,24.371347533464
1506,-11.7619818602999
1507,1.60167690755835
1508,-4.49050428935034
1509,10.6494751772204
1510,0.682756387561058
1511,8.12858194307076
1512,38.1446408268149
1513,11.1282640569343
1514,-5.03946825531707
1515,-12.7579420282756
1516,6.90745310027266
1517,4.18391077726992
1518,10.7834294770807
1519,18.3649946508507
1520,-21.8839676138557
1521,-13.5781017133979
1522,7.4690667638533
1523,-5.23233178282826
1524,-0.160348704206502
1525,-7.52835910855179
1526,9.23295510880283
1527,9.39743210704709
1528,-5.07258412082912
1529,10.5015851402863
1530,-13.1190369764082
1531,-7.24184141651335
1532,1.98320116727798
1533,5.11767440807026
1534,-3.93474212577348
1535,-6.34294351729872
1536,-7.54547776226354
1537,-14.4750772366176
1538,13.9032607721206
1539,8.27866368731217
1540,12.0659430049185
1541,-2.20139265777662
1542,-0.279831712979449
1543,-1.94192097817485
1544,5.20812399398395
1545,2.28334990827376
1546,9.25550537418081
1547,5.87056485148554
1548,3.74028481706442
1549,1.48650516077994
1550,-7.72159622279915
1551,-4.87334752736434
1552,0.123731640327156
1553,-1.52261691951797
1554,0.077925159950995
1555,-4.49048204637084
1556,-4.88330539189551
1557,7.09486327616915
1558,5.08624447101208
1559,-0.140124512935423
1560,-13.0254015446774
1561,27.1073123301006
1562,0.532689311268522
1563,11.0386697822828
1564,9.55476348709123
1565,1.82643129178745
1566,19.1157624674139
1567,2.21549847719303
1568,-9.21106119292636
1569,-0.582896240138443
1570,6.58342165630996
1571,2.40029104842601
1572,0.752099905384986
1573,-8.96245464554541
1574,-0.302850000430539
1575,6.63795622011397
1576,-0.697281398930592
1577,-2.57877782665902
1578,-5.59539719044875
1579,-8.62993901158026
1580,0.93959492106154
1581,14.4060026828033
1582,-8.39654686088094
1583,6.030995603272
1584,-4.13516703622281
1585,8.44068799593434
1586,5.03653176373712
1587,-9.54704092388557
1588,-1.72197312161795
1589,-7.25266681334046
1590,23.7255737821225
1591,8.43662149106509
1592,-8.55626260705505
1593,-23.1633294277484
1594,-9.77318832822113
1595,10.9211678906694
1596,-3.60705306530883
1597,6.43652842919951
1598,2.71597177614893
1599,-0.452085946890278
1600,-6.00543298747701
1601,-3.8197965614221
1602,1.36599600572475
1603,-13.1577896749545
1604,3.00635516259349
1605,0.932465316549005
1606,6.36140594710078
1607,-0.92437303542222
1608,10.721625806826
1609,10.0718461475521
1610,8.66042668504722
1611,0.090555557759624
1612,-0.625638950886332
1613,-18.1950618816655
1614,-13.9734626600911
1615,-7.94866418891779
1616,-3.58181283172129
1617,2.03129403221864
1618,2.92942561638532
1619,-7.16781025630127
1620,4.81688654624535
1621,0.308504670188338
1622,-4.70829928712524
1623,-15.676925680078
1624,-2.98938660769283
1625,4.91520323326581
1626,-7.77633949178948
1627,20.8755375360559
1628,19.7802010112676
1629,-10.5815806691411
1630,-9.81682338399575
1631,-17.7883691434696
1632,0.623138845671479
1633,-9.11930202644562
1634,7.32244112469782
1635,-7.46294370604023
1636,-20.9250529354345
1637,7.67006356587685
1638,-3.4810208575765
1639,-2.55288201532891
1640,1.18509138878095
1641,5.4654437446361
1642,-19.8406930677124
1643,3.93272256946542
1644,-6.29072256403924
1645,10.9592172409809
1646,0.373119321252593
1647,20.072158426
1648,1.64175466193868
1649,11.8443165162037
1650,0.391568404034032
1651,-34.4285692033435
1652,18.8144741003172
1653,-27.5913258686587
1654,-30.8435604494827
1655,2.33010122354416
1656,-10.9744393227037
1657,-4.28636354598827
1658,10.2824120694687
1659,-16.4759620683206
1660,6.51156747068306
1661,-18.5413377541355
1662,-10.3651054480283
1663,2.06015620845075
1664,-7.63726568206079
1665,15.5345532878567
1666,-0.040626835767576
1667,-16.6370738504049
1668,-0.502930805527864
1669,13.1962960288887
1670,-0.484049028138454
1671,2.56675556647119
1672,15.1137477077511
1673,-14.1774596999705
1674,-12.6936885526475
1675,3.61671719365521
1676,-1.33589185209772
1677,6.95985830034746
1678,-0.695292452094168
1679,-2.02781511946529
1680,3.0618866101265
1681,0.798477972799939
1682,-7.56839962199705
1683,-0.911656286631807
1684,-11.0809485828842
1685,10.0895629075781
1686,3.60885607648613
1687,1.0162137362111
1688,2.8015294278783
1689,22.6533535703435
1690,-1.40073266401763
1691,-0.199189185414548
1692,7.69283682880736
1693,-9.18848636680629
1694,-10.4370168198342
1695,7.78842956222482
1696,9.14610766762436
1697,-6.13748755674271
1698,-3.47027688736217
1699,-3.38419617199077
1700,-2.58239618074555
1701,3.47739191599895
1702,-1.40381361162549
1703,-6.68491817731807
1704,-1.22687786606357
1705,18.4862187642083
1706,7.37594295917179
1707,3.94474340375004
1708,-5.02630845967045
1709,0.278521623993352
1710,26.948894332179
1711,-13.2190918111831
1712,-3.07472504623368
1713,0.467727324722342
1714,-1.70098318410901
1715,9.17019602839462
1716,7.32627976304822
1717,-2.7267974620593
1718,7.78073528050665
1719,-0.740161380549407
1720,0.561170378987959
1721,10.2320317679842
1722,-1.82745796028144
1723,0.499817845749349
1724,-2.09805257688839
1725,-0.364052024196645
1726,-5.47126524051267
1727,-4.86149289212254
1728,10.427136246922
1729,20.1056920226621
1730,-14.7143471863179
1731,-1.31758706433112
1732,0.053564415335392
1733,-0.226731911479232
1734,-10.1205052260397
1735,-0.435002616285213
1736,10.9168150663303
1737,1.7063692390397
1738,-0.725001065995122
1739,-1.35746316796977
1740,-4.93081066801915
1741,-6.92972119317719
1742,-6.8291384621539
1743,-7.05083732634037
1744,-1.37009058260329
1745,0.501287232526484
1746,-1.96413921791285
1747,6.51106731302859
1748,-6.69705394910257
1749,2.24571335616669
1750,10.9569293907317
1751,-4.78740784770604
1752,-0.129355491775891
1753,-1.71790970335968
1754,-2.83325848043673
1755,-1.2385305102207
1756,4.18975863102403
1757,-6.6132281996218
1758,-1.45078946542887
1759,1.22984097894099
1760,-4.89891519938558
1761,-2.95203734928059
1762,5.04126866330812
1763,-5.00625902771592
1764,12.8711061078006
1765,16.7499511759624
1766,19.7012145890199
1767,-6.71355915059502
1768,-3.36363318914375
1769,4.77669375673658
1770,-0.80018281581333
1771,-4.97080813334599
1772,-4.34931166728838
1773,5.50670046853836
1774,9.07800925515243
1775,17.3668535661351
1776,-3.04358635255924
1777,-2.21494970664849
1778,1.32316620686039
1779,-7.09396281554433
1780,2.97388235196218
1781,-10.0135177788903
1782,-5.49473982071837
1783,-12.7263637862984
1784,6.43452944191332
1785,-9.04548164577871
1786,10.4174327945305
1787,5.95992913787207
1788,10.4585978295979
1789,14.4827902019269
1790,19.7632316441112
1791,1.86941163767125
1792,-3.16826697556301
1793,-0.856434018612315
1794,-0.071550191185561
1795,4.64372488025718
1796,-6.87368055699746
1797,7.50508033359857
1798,-0.553826335162443
1799,-1.22402067275696
1800,-11.123405902345
1801,-6.17733495026289
1802,-2.88090077733445
1803,0.004383849185323
1804,-0.550631651958151
1805,-4.09758760209559
1806,6.81242393489589
1807,-2.37301226056047
1808,-12.3641516481716
1809,-5.92732087324069
1810,-2.73382159834341
1811,-0.255795155107015
1812,4.81930527809267
1813,0.219042314485145
1814,13.9636953951548
1815,-10.149574711245
1816,-4.01175969136444
1817,4.24091361357585
1818,10.949969490496
1819,-12.2297132406159
1820,3.33507983550041
1821,1.23245455912628
1822,0.647313035893331
1823,3.50176068157002
1824,-0.68990288888638
1825,3.35589453813591
1826,-3.53641402472242
1827,1.80015436795874
1828,0.18113566843297
1829,14.5948703310945
1830,-10.3166515926102
1831,-2.82006051369507
1832,10.3844508252463
1833,8.27266598964552
1834,-5.00378588409956
1835,-0.181341626078888
1836,-14.9899394703281
1837,4.11260594967376
1838,-1.48778197650759
1839,-5.66262445474913
1840,-3.35831927574314
1841,-13.4977514556784
1842,3.03596272520513
1843,5.04282781596339
1844,-4.00663285065857
1845,3.35682976881803
1846,5.84959089864721
1847,-1.87628241752558
1848,-1.289504607158
1849,1.60468360400588
1850,-1.82562444446372
1851,4.6872811662205
1852,-13.7543121820582
1853,-7.0806384105698
1854,0.668675096222832
1855,-9.73813285547819
1856,-3.94513067429597
1857,-2.41748887204697
1858,13.1080515339329
1859,-21.1108889600061
1860,-10.5593637361564
1861,12.8792428500363
1862,2.18657649117418
1863,-11.7705774890383
1864,5.25253512195006
1865,1.13360136541302
1866,-1.75881684326241
1867,-3.0153220637416
1868,-3.95915017377477
1869,-2.36273552211947
1870,-8.97398852214333
1871,-7.52797520699445
1872,-10.2234577186112
1873,-1.98883678366534
1874,16.7761462705398
1875,1.37706442626906
1876,22.1168509543415
1877,2.13413865439013
1878,-4.38999603523002
1879,7.53644480739382
1880,-3.37472520012015
1881,4.92695961320364
1882,9.07163364893035
1883,1.49681762357608
1884,17.0439299050889
1885,0.477042447643899
1886,-2.5656615053703
1887,5.99057409554202
1888,-9.06347906551857
1889,-4.0967792357926
1890,9.65081877859491
1891,0.181450640740424
1892,7.3001950829388
1893,-4.55807866710828
1894,-15.688440312615
1895,-3.52469542460188
1896,-2.30634223392849
1897,4.27355603798481
1898,16.243207145701
1899,-8.32283605219369
1900,5.29605425834579
1901,-5.16509895097517
1902,22.3958817031135
1903,7.36967262764915
1904,5.14145867258676
1905,-6.42599442601758
1906,4.2519998590243
1907,-2.42567102832448
1908,0.026916746045511
1909,1.7875735727112
1910,5.24116464721088
1911,-4.21057105504202
1912,4.36144827404154
1913,-0.768743916303619
1914,2.9919057162724
1915,-4.42153209909575
1916,-8.31525781370458
1917,2.24961548349168
1918,-9.95799602021907
1919,-7.22405728343079
1920,-5.77099976980559
1921,4.36313722677679
1922,5.04100313356504
1923,12.0893414265202
1924,1.91642241103735
1925,-2.31055977831486
1926,12.346868812674
1927,21.7279123736303
1928,27.0458944034934
1929,14.3892474928179
1930,-11.969349629007
1931,-21.1073557116251
1932,-0.703703593648028
1933,-3.22490093334495
1934,1.8229112048743
1935,4.15601324970614
1936,0.147144260956181
1937,2.96369246571937
1938,2.07692863209156
1939,5.07034082480079
1940,-4.58029488437128
1941,0.534700933255445
1942,2.91261170657464
1943,2.24285136060988
1944,-1.70583196471246
1945,6.58598859465676
1946,3.36398957118477
1947,-10.9055514031866
1948,-12.8035859455632
1949,1.86640345411941
1950,10.058497859401
1951,2.89453609140483
1952,-0.102000594718638
1953,7.00071600566695
1954,-12.0472574126517
1955,-0.300092307672923
1956,6.71566944460716
1957,1.13381559111707
1958,4.18320961784119
1959,30.0752150507659
1960,-33.7205342740123
1961,-21.7451274341148
1962,21.9714837728021
1963,-12.0673097598419
1964,-7.59234684122053
1965,22.1881509572834
1966,-16.8949263022912
1967,-4.48958438856252
1968,3.72491691982437
1969,-8.60515902621811
1970,-17.2218869890109
1971,-12.9805556005808
1972,-14.7072017731069
1973,19.7154071452874
1974,0.180756149773369
1975,20.4276723575227
1976,-6.43653046310785
1977,-7.33770663269641
1978,-0.573670331888032
1979,15.0807139729516
1980,-20.8438221092842
1981,-11.4684794940376
1982,14.4690853829283
1983,9.72955929064501
1984,2.83941795537729
1985,-6.75692485567714
1986,0.27195814063511
1987,7.68258062359255
1988,2.78614449930078
1989,-0.302476956432937
1990,1.70793412254172
1991,4.21074586362006
1992,-21.1928454805972
1993,6.67883337600722
1994,15.8361629471054
1995,-3.95724885603186
1996,3.97022304006512
1997,0.103387383410387
1998,24.3060139899461
1999,-1.10549663859719
2000,4.79138754147382
2001,-2.91236638599956
2002,4.47983336701377
2003,5.50209952114732
2004,7.64347886730888
2005,6.69908520231309
2006,-11.6503872025739
2007,31.5052876920954
2008,0.055319623272773
2009,-12.4680229307077
2010,-10.1275891931218
2011,11.2006581065881
2012,20.3571631890568
2013,20.1507026249391
2014,18.1068687222513
2015,1.98206083690851
2016,5.03796141472892
2017,14.8657078852919
2018,-15.2886347675089
2019,0.962507851498573
2020,-3.45714019295736
2021,23.9781690885821
2022,-19.0548651579434
2023,-7.21874119271554
2024,-1.88654958139577
2025,13.2943069710132
2026,-17.08276274377
2027,-9.38856433427028
2028,8.17946985412591
2029,-5.92282104823257
2030,-14.5757379112027
2031,-13.5527480828188
2032,5.30882967681834
2033,9.1584298189247
2034,8.27363904520989
2035,18.5421668519063
2036,-7.57257908803993
2037,24.3250472537754
2038,23.2916319540012
2039,23.3558015871626
2040,-12.1624352574769
2041,2.72365966014092
2042,-9.84559678547315
2043,16.3847652021237
2044,-1.16410475188776
2045,-5.19971663861833
2046,8.024725237016
2047,-2.27852828056341
2048,-3.76205332805222
2049,8.38737151203439
2050,-7.82843008010412
2051,0.141454427087386
2052,-19.3054299642999
2053,11.6792794721838
2054,-25.0706815760256
2055,26.1971130555484
2056,-4.61120654081084
2057,-5.22596306835165
2058,-8.40528088219415
2059,16.0273017909656
2060,-0.743431508908299
2061,-20.8023209445501
2062,7.11331358908628
2063,6.65766609195159
2064,13.6523754948974
2065,17.7054082645619
2066,6.77543719740146
2067,-7.57521487813301
2068,1.57201855783148
2069,-13.2253595974065
2070,-13.7848847092349
2071,-3.38870806766286
2072,22.8315709516193
2073,-17.9856915848633
2074,4.68485244138803
2075,-2.43768995159102
2076,3.89227095908393
2077,10.7017970716564
2078,-9.34851362155239
2079,-0.216756614489674
2080,0.51819007271089
2081,19.4376895865262
2082,5.71766421087818
2083,-13.6724924179485
2084,-12.3000044454303
2085,6.34883128009082
2086,19.6196325363715
2087,-2.30620392597982
2088,-8.80067855965116
2089,2.7418057452741
2090,12.0042920478963
2091,15.4431218635744
2092,-12.2497908436482
2093,7.99807694618341
2094,13.7706174615499
2095,6.56123461245862
2096,-12.993987704369
2097,5.35699069334659
2098,8.48479758587615
2099,7.92269044486387
2100,0.351264225268274
2101,3.176338448951
2102,-2.81223775595239
2103,-7.05450397137222
2104,-23.7542135017772
2105,-23.865127775638
2106,3.28585093478129
2107,4.90670797149146
2108,31.2966174345392
2109,-25.4408140850701
2110,2.96727745286563
2111,-6.34496156880369
2112,5.10747697134246
2113,2.60870720449201
2114,-2.28162954069621
2115,15.2148068085464
2116,-6.26887527880993
2117,-59.9751175493307
2118,2.23529799162505
2119,-14.2810327275483
2120,-12.4250279694157
2121,-17.2426993446833
2122,-16.7188136345015
2123,-66.870497564705
2124,6.26775038516791
2125,-22.2040168237522
2126,4.97657669429875
2127,-6.3527929648033
2128,-22.8238919255881
2129,-9.36688927487982
2130,35.6715238112728
2131,-19.5546913762256
2132,35.162682831637
2133,-39.116720948448
2134,-4.81674270114272
2135,-15.2110198707305
2136,7.12381019457242
2137,-11.1232496757212
2138,2.32746980125239
2139,-4.32627295799865
2140,24.1967901291373
2141,-0.888626621044156
2142,20.5531403670483
2143,-2.18793940471101
2144,16.8771392237893
2145,-2.04734862408113
2146,8.38256277306058
2147,11.0168832588727
2148,0.107953786051363
2149,-22.8768413234938
2150,14.7696459356888
2151,-16.3827622617149
2152,-8.99276527855634
2153,7.1810919682233
2154,5.99252517987788
2155,6.86519534983055
2156,-16.2658369140502
2157,-23.5473833433455
2158,-3.70208895573975
2159,8.60055418667051
2160,1.11337856737563
2161,21.9007284039613
2162,24.5127122340181
2163,-37.4505915911271
2164,-23.9844837788581
2165,-24.4271382354318
2166,6.22959886119782
2167,-14.8344148261423
2168,-12.2159588453365
2169,23.9251039884958
2170,32.865784907488
2171,-0.764390428559789
2172,7.36873780377304
2173,-3.61624349982493
2174,17.8111597306506
2175,7.39143128448904
2176,15.0020658203066
2177,-11.3639018077685
2178,2.85022815132558
2179,7.88822815099578
2180,5.72583586076653
2181,10.5785350903877
2182,-4.46785235858715
2183,-31.6210025646242
2184,-32.0144051323741
2185,-26.7571574013507
2186,13.7797426015583
2187,-14.2895663692587
2188,7.58963479042761
2189,0.725596109135255
2190,5.43241503880376
2191,-8.69600326484774
2192,1.89218490525334
2193,-1.25802389448329
2194,2.86516341726452
2195,4.99912505250475
2196,3.31344694632762
2197,-8.83778175534026
2198,-21.2544809308288
2199,-10.7499355335163
2200,2.8078018070449
2201,-19.6797601713678
2202,-11.9519246825195
2203,-1.23588486206186
2204,5.02848495629182
2205,12.8446095968717
2206,-1.23395695456727
2207,-12.9566720268551
2208,12.7042657050875
2209,6.46865537973015
2210,8.34135061267864
2211,-31.7245322245579
2212,-26.3961008985369
2213,-6.66065836341935
2214,-7.12956526902298
2215,-5.98361355252118
2216,-2.05166945331632
2217,8.15481497768272
2218,-2.14993779382226
2219,1.78342915786645
2220,13.4371897226553
2221,-2.72121919851198
2222,8.95456111602803
2223,9.04861449211695
2224,-11.7013712523655
2225,-2.28593803306429
2226,10.0097418177522
2227,3.34456172092046
2228,9.11430024020357
2229,1.45560934877756
2230,15.0342047251806
2231,1.60174202630795
2232,-4.20544233789724
2233,4.22956551095139
2234,7.60485797845438
2235,-8.36999477965911
2236,1.13259212027755
2237,-9.8689273751116
2238,-7.02775294720971
2239,-8.99481313012637
2240,7.52243641301407
2241,-12.5936184810066
2242,17.3021714067358
2243,-10.6981868244716
2244,5.90397986900147
2245,-11.1642293369552
2246,-3.94464654033476
2247,1.69945496276155
2248,8.04249907526366
2249,5.41992395726985
2250,-3.67299373875072
2251,5.17470567889734
2252,5.84699712287503
2253,7.37916009491777
2254,3.62998122463741
2255,-9.30257295415297
2256,-10.4203018616868
2257,-3.51365428501256
2258,2.60222641665728
2259,-4.21822072254201
2260,-7.57869257073527
2261,-14.8206151943559
2262,-1.27297458633951
2263,-5.90193083013978
2264,1.29618934791587
2265,-5.50937766775373
2266,-16.1446314263441
2267,4.75272161687266
2268,2.7884552440164
2269,-12.4259494712419
2270,1.12039289000851
2271,-8.66650679750055
2272,-3.89806883935507
2273,28.5996658619736
2274,25.957274144992
2275,-13.6727258291846
2276,5.30904624849516
2277,-6.02716527921237
2278,23.4500778399504
2279,13.8299461992045
2280,-11.9113819108959
2281,-7.6261281659657
2282,-2.05775605145337
2283,-12.8124647839106
2284,7.75372448420924
2285,-1.41546890212595
2286,-13.6241976308883
2287,2.59610156002891
2288,3.36642672755262
2289,-13.3164423321678
2290,-2.71426597107924
2291,7.16254501842289
2292,2.83559759339207
2293,-18.1209559431218
2294,4.66271686201437
2295,-13.8945724635917
2296,9.55770321236339
2297,0.969952857204327
2298,8.63097111298177
2299,4.85269316090093
2300,6.54010055920585
2301,14.2357214707856
2302,-1.46778465403017
2303,4.37607425588932
2304,6.96720587850786
2305,3.7171995870971
2306,0.958904963121955
2307,-32.7547618818902
2308,-9.77447642881131
2309,-3.23818757398613
2310,-5.49102241418541
2311,9.58573278087369
2312,-2.64582804057117
2313,-7.33231023550726
2314,-1.4776313022364
2315,-10.802474045208
2316,-12.4512860605178
2317,-30.9480764215699
2318,-8.72961356409811
2319,-8.15890359557675
2320,-8.8115629490922
2321,-4.81954423415694
2322,18.7665374722842
2323,-12.3100070334357
2324,-5.36055867534779
2325,-0.750375632578249
2326,-2.65507904963452
2327,6.93638522893462
2328,-7.81453870883057
2329,7.24320073428776
2330,-30.8938746297563
2331,18.2341807254512
2332,6.28297296496316
2333,-28.2599715615812
2334,5.25664529853166
2335,3.89922999234432
2336,-4.35336886118801
2337,4.5219115970714
2338,-5.4241316620677
2339,-12.0571189688478
2340,41.0494577538753
2341,-2.07876419198374
2342,8.26362417182936
2343,-19.0165303266937
2344,-7.58697152881426
2345,-12.7659229293468
2346,-2.8862388004351
2347,-10.2421211340925
2348,12.0351142272404
2349,5.53814068052673
2350,8.90392852748216
2351,14.3926425593546
2352,-3.4085152580212
2353,2.13949653067711
2354,-6.43709398574233
2355,-13.981462298513
2356,3.14511116765384
2357,-3.85757459156836
2358,50.4458991681524
2359,-7.64606547372116
2360,-6.33570707643771
2361,-21.6198880035364
2362,23.6583662722725
2363,-3.57378119786479
2364,-7.28518414904912
2365,6.99012101915773
2366,6.69953158890377
2367,-3.03121434392819
2368,-5.2559216115892
2369,18.7770669531306
2370,-5.25750392612674
2371,-6.56848940174519
2372,4.31252617190689
2373,15.3595630282292
2374,-0.885774464774455
2375,7.91877926499167
2376,5.24529508596143
2377,3.10488181299409
2378,-4.0964972839076
2379,-6.92570137161597
2380,3.33887217978017
2381,6.33613725047694
2382,21.5631081343883
2383,2.09773361480265
2384,-8.20197985244916
2385,-19.3252069539336
2386,-8.86328886689126
2387,6.32259616420053
2388,-10.5259669015854
2389,-2.07316004229742
2390,3.18202717699707
2391,-7.80026843279811
2392,1.21089074213065
2393,7.92246428821042
2394,-2.95921404582617
2395,-6.22264151819481
2396,-12.8187755329781
2397,-2.2495394219382
2398,-5.94359170074627
2399,-8.37736649081378
2400,2.61250660136827
2401,-8.38464681752211
2402,-0.941474766244449
2403,1.68280002323332
2404,-18.8427232063266
2405,11.2407414041968
2406,-13.4147188080984
2407,0.739744916887855
2408,3.35294623685791
2409,-18.1305709012099
2410,2.83960855632048
2411,-5.94345547577608
2412,1.70284268996887
2413,4.37651283245371
2414,1.72691326385433
2415,-6.82302718891919
2416,-2.60408078269283
2417,16.7290786346704
2418,10.0208850223208
2419,-2.03766055018968
2420,-2.1540453295324
2421,1.13634139341138
2422,0.302008020980455
2423,0.493157197306652
2424,8.09169928423903
2425,-5.45393533165045
2426,3.0713759940025
2427,3.07488154005177
2428,-9.73951286404731
2429,-1.62498054305165
2430,-7.63482159463454
2431,7.30030866170167
2432,15.5871561486961
2433,5.72090694167672
2434,5.81331459574345
2435,8.33522256417691
2436,7.03903658300283
2437,-1.9194823256773
2438,2.57400799462045
2439,-5.81520200381377
2440,-10.4145986685258
2441,-0.754590118437313
2442,11.705575479985
2443,0.667734101432615
2444,15.708090244627
2445,-2.8779876316815
2446,0.917352716935115
2447,-7.9296469172369
2448,-26.334927995143
2449,15.4451711483307
2450,18.5556432007996
2451,6.65305820354069
2452,-5.44213632031021
2453,-13.5761524426181
2454,-33.7626154775455
2455,-9.64728623059979
2456,2.76083544290393
2457,5.78638098723462
2458,-11.5200422622594
2459,-4.40375885419516
2460,7.75349837414226
2461,-2.61167647735495
2462,-3.46304989507383
2463,-6.87501457249099
2464,-9.10524754588083
2465,-3.48380165494905
2466,-19.9990857493277
2467,-33.121155808798
2468,6.66009226440253
2469,3.55622514371127
2470,7.39119894178973
